{"type":"FeatureCollection","features":[{"type":"Feature","properties":{},"geometry":{"type":"Polygon","coordinates":[[[110,5],[115,5],[115,10],[110,10],[110,5]]]}},{"type":"Feature","properties":{},"geometry":{"type":"Polygon","coordinates":[[[110,10],[115,10],[115,15],[110,15],[110,10]]]}},{"type":"Feature","properties":{},"geometry":{"type":"Polygon","coordinates":[[[110,15],[115,15],[115,20],[110,20],[110,15]]]}},{"type":"Feature","properties":{},"geometry":{"type":"Polygon","coordinates":[[[110,20],[115,20],[115,25],[110,25],[110,20]]]}},{"type":"Feature","properties":{},"geometry":{"type":"Polygon","coordinates":[[[110,25],[115,25],[115,30],[110,30],[110,25]]]}},{"type":"Feature","properties":{},"geometry":{"type":"Polygon","coordinates":[[[110,30],[115,30],[115,35],[110,35],[110,30]]]}},{"type":"Feature","properties":{},"geometry":{"type":"Polygon","coordinates":[[[110,35],[115,35],[115,40],[110,40],[110,35]]]}},{"type":"Feature","properties":{},"geometry":{"type":"Polygon","coordinates":[[[110,40],[115,40],[115,45],[110,45],[110,40]]]}},{"type":"Feature","properties":{},"geometry":{"type":"Polygon","coordinates":[[[110,45],[115,45],[115,50],[110,50],[110,45]]]}},{"type":"Feature","properties":{},"geometry":{"type":"Polygon","coordinates":[[[110,50],[115,50],[115,55],[110,55],[110,50]]]}},{"type":"Feature","properties":{},"geometry":{"type":"Polygon","coordinates":[[[110,55],[115,55],[115,60],[110,60],[110,55]]]}},{"type":"Feature","properties":{},"geometry":{"type":"Polygon","coordinates":[[[115,5],[120,5],[120,10],[115,10],[115,5]]]}},{"type":"Feature","properties":{},"geometry":{"type":"Polygon","coordinates":[[[115,10],[120,10],[120,15],[115,15],[115,10]]]}},{"type":"Feature","properties":{},"geometry":{"type":"Polygon","coordinates":[[[115,15],[120,15],[120,20],[115,20],[115,15]]]}},{"type":"Feature","properties":{},"geometry":{"type":"Polygon","coordinates":[[[115,20],[120,20],[120,25],[115,25],[115,20]]]}},{"type":"Feature","properties":{},"geometry":{"type":"Polygon","coordinates":[[[115,25],[120,25],[120,30],[115,30],[115,25]]]}},{"type":"Feature","properties":{},"geometry":{"type":"Polygon","coordinates":[[[115,30],[120,30],[120,35],[115,35],[115,30]]]}},{"type":"Feature","properties":{},"geometry":{"type":"Polygon","coordinates":[[[115,35],[120,35],[120,40],[115,40],[115,35]]]}},{"type":"Feature","properties":{},"geometry":{"type":"Polygon","coordinates":[[[115,40],[120,40],[120,45],[115,45],[115,40]]]}},{"type":"Feature","properties":{},"geometry":{"type":"Polygon","coordinates":[[[115,45],[120,45],[120,50],[115,50],[115,45]]]}},{"type":"Feature","properties":{},"geometry":{"type":"Polygon","coordinates":[[[115,50],[120,50],[120,55],[115,55],[115,50]]]}},{"type":"Feature","properties":{},"geometry":{"type":"Polygon","coordinates":[[[115,55],[120,55],[120,60],[115,60],[115,55]]]}},{"type":"Feature","properties":{},"geometry":{"type":"Polygon","coordinates":[[[120,5],[125,5],[125,10],[120,10],[120,5]]]}},{"type":"Feature","properties":{},"geometry":{"type":"Polygon","coordinates":[[[120,10],[125,10],[125,15],[120,15],[120,10]]]}},{"type":"Feature","properties":{},"geometry":{"type":"Polygon","coordinates":[[[120,15],[125,15],[125,20],[120,20],[120,15]]]}},{"type":"Feature","properties":{},"geometry":{"type":"Polygon","coordinates":[[[120,20],[125,20],[125,25],[120,25],[120,20]],[[122.94,24.4442],[122.9417,24.4568],[122.9625,24.4729],[122.9745,24.4677],[123.0109,24.4738],[123.0437,24.4615],[123.0116,24.4372],[122.9888,24.4406],[122.9739,24.4373],[122.94,24.4442]],[[123.6602,24.3071],[123.6836,24.3114],[123.6832,24.3313],[123.7067,24.3225],[123.7091,24.3315],[123.7268,24.3415],[123.7277,24.3284],[123.7454,24.3215],[123.7435,24.3411],[123.751,24.3577],[123.7413,24.3673],[123.7512,24.3743],[123.7446,24.3875],[123.7494,24.4018],[123.7698,24.4165],[123.7687,24.4361],[123.7807,24.4365],[123.8105,24.4095],[123.8148,24.3909],[123.8315,24.4064],[123.8792,24.3992],[123.8855,24.383],[123.9056,24.3836],[123.9206,24.3659],[123.9378,24.3643],[123.926,24.3434],[123.9281,24.3267],[123.9106,24.32],[123.8981,24.3014],[123.9028,24.2746],[123.8811,24.2798],[123.8789,24.2555],[123.8718,24.2544],[123.8629,24.2549],[123.8324,24.2709],[123.8053,24.2691],[123.7826,24.2754],[123.7545,24.2787],[123.7358,24.2929],[123.7204,24.2986],[123.7172,24.2775],[123.6797,24.2819],[123.6602,24.3071]],[[123.7525,24.0599],[123.7724,24.0692],[123.7853,24.0706],[123.8084,24.0623],[123.8037,24.049],[123.7908,24.0447],[123.7597,24.0474],[123.7525,24.0599]],[[123.9608,24.3325],[123.9774,24.3527],[123.9915,24.345],[123.9888,24.3229],[123.9861,24.3287],[123.9608,24.3325]],[[123.9914,24.2368],[123.9983,24.2529],[124.0272,24.2437],[124.0271,24.2319],[124.0107,24.2199],[124.0028,24.2201],[123.9914,24.2368]],[[124.0664,24.4301],[124.0762,24.4463],[124.0958,24.4514],[124.1045,24.4421],[124.1161,24.4446],[124.1132,24.4605],[124.1343,24.4705],[124.1496,24.4519],[124.1755,24.4467],[124.1889,24.4551],[124.2181,24.4527],[124.2175,24.4664],[124.227,24.4962],[124.2348,24.4963],[124.253,24.5175],[124.2712,24.5032],[124.2821,24.5325],[124.2908,24.5387],[124.2789,24.5576],[124.2924,24.5668],[124.3068,24.5901],[124.3081,24.6069],[124.3355,24.6027],[124.3359,24.5865],[124.3279,24.5664],[124.3004,24.5431],[124.3033,24.5259],[124.2786,24.5032],[124.2777,24.4857],[124.2619,24.4794],[124.2489,24.4651],[124.2474,24.4503],[124.2542,24.4445],[124.2468,24.4273],[124.2543,24.4114],[124.2494,24.3957],[124.2465,24.357],[124.2345,24.3434],[124.2114,24.3532],[124.1883,24.3321],[124.173,24.3279],[124.1605,24.3312],[124.1411,24.3484],[124.1215,24.3542],[124.1082,24.3632],[124.1174,24.3761],[124.1378,24.3904],[124.1399,24.4111],[124.1311,24.413],[124.1199,24.4309],[124.0988,24.4309],[124.084,24.4199],[124.0664,24.4301]],[[124.073,24.3233],[124.0814,24.3381],[124.0911,24.334],[124.0979,24.3181],[124.0805,24.3097],[124.073,24.3233]],[[124.6647,24.6615],[124.6756,24.6742],[124.6886,24.6784],[124.7202,24.6684],[124.7216,24.6553],[124.7033,24.6403],[124.6906,24.6397],[124.6683,24.6465],[124.6647,24.6615]]]}},{"type":"Feature","properties":{},"geometry":{"type":"Polygon","coordinates":[[[120,25],[125,25],[125,30],[120,30],[120,25]]]}},{"type":"Feature","properties":{},"geometry":{"type":"Polygon","coordinates":[[[120,30],[125,30],[125,35],[120,35],[120,30]]]}},{"type":"Feature","properties":{},"geometry":{"type":"Polygon","coordinates":[[[120,35],[125,35],[125,40],[120,40],[120,35]]]}},{"type":"Feature","properties":{},"geometry":{"type":"Polygon","coordinates":[[[120,40],[125,40],[125,45],[120,45],[120,40]]]}},{"type":"Feature","properties":{},"geometry":{"type":"Polygon","coordinates":[[[120,45],[125,45],[125,50],[120,50],[120,45]]]}},{"type":"Feature","properties":{},"geometry":{"type":"Polygon","coordinates":[[[120,50],[125,50],[125,55],[120,55],[120,50]]]}},{"type":"Feature","properties":{},"geometry":{"type":"Polygon","coordinates":[[[120,55],[125,55],[125,60],[120,60],[120,55]]]}},{"type":"Feature","properties":{},"geometry":{"type":"Polygon","coordinates":[[[125,5],[130,5],[130,10],[125,10],[125,5]]]}},{"type":"Feature","properties":{},"geometry":{"type":"Polygon","coordinates":[[[125,10],[130,10],[130,15],[125,15],[125,10]]]}},{"type":"Feature","properties":{},"geometry":{"type":"Polygon","coordinates":[[[125,15],[130,15],[130,20],[125,20],[125,15]]]}},{"type":"Feature","properties":{},"geometry":{"type":"Polygon","coordinates":[[[125,20],[130,20],[130,25],[125,25],[125,20]],[[125.1328,24.8239],[125.1334,24.8344],[125.1564,24.8318],[125.1727,24.8127],[125.1812,24.8113],[125.1615,24.8021],[125.1438,24.8069],[125.1328,24.8239]],[[125.155,24.8573],[125.1614,24.865],[125.1772,24.861],[125.2078,24.8459],[125.2175,24.8273],[125.2149,24.8069],[125.1925,24.8055],[125.1812,24.8113],[125.1622,24.8272],[125.155,24.8573]],[[125.2367,24.7189],[125.2391,24.7311],[125.2551,24.7211],[125.2468,24.7127],[125.2367,24.7189]],[[125.2516,24.7532],[125.2723,24.7473],[125.2813,24.7509],[125.2752,24.7727],[125.2579,24.7837],[125.2552,24.7949],[125.2791,24.8114],[125.2752,24.8365],[125.2943,24.8454],[125.2694,24.8843],[125.2963,24.8777],[125.3043,24.8485],[125.3111,24.8365],[125.3332,24.8218],[125.3324,24.7991],[125.3526,24.7886],[125.3657,24.7917],[125.3854,24.7841],[125.4002,24.766],[125.4296,24.7608],[125.4521,24.7348],[125.4446,24.7247],[125.3901,24.7286],[125.3607,24.7243],[125.3375,24.7173],[125.327,24.7193],[125.306,24.7115],[125.2604,24.7345],[125.2516,24.7532]]]}},{"type":"Feature","properties":{},"geometry":{"type":"Polygon","coordinates":[[[125,25],[130,25],[130,28.32441948051948],[129.9767,28.2872],[129.9445,28.2739],[129.9294,28.2909],[129.9154,28.2951],[129.9128,28.3104],[129.9298,28.3252],[129.9515,28.3299],[129.9721,28.3416],[129.9968,28.3659],[130,28.367642723004696],[130,30],[125,30],[125,25]],[[126.7095,26.3695],[126.7318,26.3752],[126.7561,26.3874],[126.778,26.3904],[126.7946,26.3701],[126.8091,26.3635],[126.8214,26.3496],[126.8043,26.3252],[126.801,26.2921],[126.7774,26.3057],[126.7637,26.3322],[126.7463,26.3443],[126.7255,26.3461],[126.7163,26.3523],[126.7095,26.3695]],[[127.1362,26.364],[127.159,26.359],[127.1451,26.3478],[127.1362,26.364]],[[127.2077,26.5743],[127.2138,26.59],[127.2356,26.6011],[127.2465,26.5865],[127.2306,26.5786],[127.2077,26.5743]],[[127.264,26.1965],[127.28,26.2089],[127.2913,26.1946],[127.2751,26.1859],[127.264,26.1965]],[[127.2946,26.2415],[127.3104,26.2375],[127.3143,26.2256],[127.3037,26.2185],[127.2946,26.2415]],[[127.3384,26.1807],[127.3522,26.2246],[127.3674,26.2195],[127.3703,26.1897],[127.3578,26.1814],[127.3619,26.1563],[127.3476,26.1451],[127.3452,26.1689],[127.3384,26.1807]],[[127.6354,26.1977],[127.6506,26.2171],[127.6797,26.2259],[127.678,26.2394],[127.7069,26.273],[127.7298,26.2739],[127.7557,26.2944],[127.7588,26.3086],[127.7458,26.3217],[127.7452,26.3377],[127.7374,26.3623],[127.7167,26.3995],[127.7125,26.4199],[127.7224,26.4398],[127.7354,26.4216],[127.7554,26.4309],[127.7696,26.4449],[127.7835,26.4343],[127.7968,26.4361],[127.8085,26.4587],[127.8443,26.4804],[127.8381,26.4952],[127.8567,26.4998],[127.8649,26.5089],[127.8809,26.5023],[127.9066,26.5191],[127.9177,26.5171],[127.9334,26.5384],[127.9654,26.548],[127.9753,26.5589],[127.9823,26.5795],[127.9797,26.5865],[127.9215,26.6089],[127.9124,26.6006],[127.894,26.6056],[127.8861,26.6282],[127.8775,26.6403],[127.878,26.653],[127.8906,26.6602],[127.8882,26.6699],[127.8725,26.6869],[127.8784,26.7085],[127.9051,26.6984],[127.9477,26.7076],[127.9647,26.6972],[127.9968,26.6901],[127.9884,26.6557],[128.0061,26.6294],[128.0234,26.6265],[128.0378,26.6357],[128.0501,26.6341],[128.085,26.6493],[128.0952,26.6609],[128.1154,26.6587],[128.1,26.6779],[128.117,26.7023],[128.1405,26.7071],[128.1534,26.7166],[128.1594,26.7277],[128.1555,26.7425],[128.1788,26.7475],[128.2039,26.7745],[128.2208,26.7875],[128.2503,26.8386],[128.252,26.8493],[128.2429,26.8577],[128.2561,26.8748],[128.2675,26.8596],[128.315,26.8201],[128.3237,26.7829],[128.3196,26.7564],[128.3258,26.7493],[128.3177,26.735],[128.3077,26.7305],[128.2869,26.6965],[128.2781,26.6772],[128.2633,26.6671],[128.2618,26.6587],[128.2341,26.6299],[128.1842,26.6236],[128.1604,26.6289],[128.1447,26.6237],[128.1526,26.6103],[128.1502,26.5977],[128.1229,26.6025],[128.1435,26.5713],[128.1351,26.5541],[128.1096,26.5503],[128.088,26.5359],[128.0638,26.5513],[128.0498,26.5469],[128.0321,26.5527],[128.0486,26.5247],[128.0251,26.5105],[128.0086,26.5143],[127.9905,26.5032],[128.0011,26.485],[127.9899,26.4753],[127.9645,26.4676],[127.9502,26.4721],[127.9416,26.4407],[127.9277,26.4392],[127.885,26.4561],[127.8686,26.4569],[127.8515,26.4501],[127.8391,26.4263],[127.8278,26.4193],[127.8398,26.4051],[127.8573,26.3973],[127.8718,26.3847],[127.8718,26.3611],[127.8851,26.342],[127.9173,26.3166],[127.9202,26.2954],[127.899,26.3047],[127.8624,26.3447],[127.8429,26.335],[127.8357,26.3292],[127.8429,26.3139],[127.8288,26.3125],[127.8094,26.2941],[127.8162,26.2774],[127.7994,26.2681],[127.7897,26.2499],[127.7839,26.2252],[127.7648,26.2051],[127.7783,26.1869],[127.7765,26.1721],[127.7889,26.1699],[127.7975,26.1862],[127.8212,26.1914],[127.8303,26.1683],[127.803,26.1473],[127.794,26.1368],[127.7672,26.131],[127.7468,26.1184],[127.7334,26.0991],[127.7134,26.0865],[127.6884,26.0825],[127.6764,26.0739],[127.657,26.0817],[127.6577,26.1005],[127.6673,26.1249],[127.6511,26.1342],[127.6446,26.1549],[127.6536,26.1615],[127.6354,26.1977]],[[127.748,26.7186],[127.7583,26.737],[127.7806,26.733],[127.8066,26.7385],[127.8296,26.7198],[127.8274,26.7096],[127.8061,26.7054],[127.7911,26.7091],[127.7544,26.7091],[127.748,26.7186]],[[127.8396,26.3276],[127.8431,26.3343],[127.8618,26.3436],[127.8664,26.3273],[127.8535,26.3246],[127.8396,26.3276]],[[127.8539,26.6485],[127.8707,26.6431],[127.8612,26.6289],[127.8539,26.6485]],[[127.9152,26.9449],[127.9359,26.9547],[127.9538,26.9453],[127.9527,26.9138],[127.9384,26.9106],[127.9184,26.9216],[127.9152,26.9449]],[[127.9314,27.0203],[127.9493,27.0426],[127.9705,27.0637],[127.9824,27.071],[127.994,27.0865],[128.0191,27.0945],[127.9968,27.0675],[127.9905,27.0447],[127.9703,27.039],[127.9635,27.0227],[127.9414,27.0163],[127.9339,26.9943],[127.9365,27.0061],[127.9314,27.0203]],[[127.9321,26.3311],[127.9527,26.3557],[127.9659,26.3614],[127.9715,26.3731],[127.9862,26.3835],[127.9942,26.3621],[127.9747,26.3541],[127.9584,26.3381],[127.9468,26.3395],[127.9321,26.3311]],[[127.9934,26.6591],[127.9936,26.6702],[128.0188,26.6788],[128.0317,26.6585],[128.0314,26.6448],[128.0141,26.6566],[128.0044,26.6518],[127.9934,26.6591]],[[128.007,26.7073],[128.0254,26.7103],[128.0197,26.6943],[128.007,26.7073]],[[128.3944,27.0445],[128.4122,27.0479],[128.4182,27.0639],[128.4387,27.0651],[128.4534,27.0486],[128.4558,27.0227],[128.4426,27.0186],[128.4205,27.0237],[128.3944,27.0445]],[[128.5193,27.3715],[128.5218,27.3869],[128.5349,27.4046],[128.5553,27.3953],[128.5763,27.4005],[128.5923,27.3965],[128.6114,27.408],[128.6352,27.4105],[128.6546,27.4227],[128.6792,27.4304],[128.6895,27.4395],[128.7123,27.4344],[128.6944,27.4199],[128.6765,27.4135],[128.6572,27.3942],[128.6346,27.3652],[128.6227,27.3615],[128.6126,27.3499],[128.5915,27.3365],[128.5563,27.3288],[128.5333,27.3448],[128.5193,27.3715]],[[128.8781,27.8256],[128.8804,27.8459],[128.8923,27.859],[128.8887,27.8811],[128.9037,27.8933],[128.9252,27.8881],[128.9646,27.8919],[128.9747,27.872],[128.9649,27.8397],[128.9676,27.8177],[128.9852,27.8039],[128.9968,27.8016],[129.035,27.7713],[129.0368,27.7618],[129.0217,27.7383],[129.0201,27.7174],[129.0085,27.7113],[128.997,27.6951],[128.9994,27.689],[128.986,27.6696],[128.963,27.6699],[128.9364,27.6607],[128.9254,27.6651],[128.9156,27.6953],[128.8926,27.7073],[128.8811,27.7201],[128.8961,27.7337],[128.902,27.7525],[128.9059,27.7635],[128.896,27.7712],[128.8872,27.7919],[128.8905,27.8185],[128.8781,27.8256]],[[129.1415,28.2569],[129.1637,28.2547],[129.1768,28.2697],[129.1836,28.2628],[129.214,28.2563],[129.2124,28.2695],[129.2243,28.2726],[129.2468,28.2627],[129.2743,28.2658],[129.2782,28.2759],[129.2487,28.2745],[129.2153,28.2976],[129.2271,28.3097],[129.2573,28.3188],[129.2636,28.3266],[129.3027,28.3293],[129.3134,28.3454],[129.3245,28.3493],[129.3373,28.3671],[129.3657,28.3541],[129.3862,28.3729],[129.4053,28.3669],[129.4017,28.3825],[129.4257,28.3883],[129.4419,28.3823],[129.4663,28.402],[129.4803,28.4008],[129.4881,28.4119],[129.5069,28.3963],[129.5171,28.4402],[129.534,28.4491],[129.5431,28.4619],[129.5606,28.4485],[129.5783,28.4671],[129.612,28.4766],[129.6186,28.4729],[129.6047,28.4533],[129.6194,28.45],[129.6289,28.4356],[129.6184,28.4278],[129.626,28.4144],[129.6369,28.4156],[129.6453,28.4334],[129.6577,28.4348],[129.6599,28.4469],[129.6731,28.461],[129.6449,28.4977],[129.656,28.4995],[129.6748,28.5256],[129.6879,28.5298],[129.6893,28.5032],[129.7034,28.4764],[129.7174,28.4746],[129.7211,28.4581],[129.7179,28.4399],[129.708,28.4207],[129.6677,28.4077],[129.6641,28.3977],[129.6302,28.4063],[129.6102,28.3955],[129.5844,28.3647],[129.5606,28.3325],[129.5354,28.3299],[129.5422,28.315],[129.5352,28.3061],[129.4945,28.2957],[129.4811,28.2883],[129.4735,28.2942],[129.4546,28.2929],[129.458,28.2649],[129.4487,28.2611],[129.4421,28.2464],[129.4306,28.2383],[129.4449,28.2289],[129.4545,28.2321],[129.4698,28.2207],[129.4655,28.2126],[129.4335,28.1987],[129.4075,28.1829],[129.4029,28.1575],[129.3489,28.1737],[129.3382,28.1647],[129.3639,28.1499],[129.378,28.111],[129.361,28.1195],[129.3669,28.1281],[129.3434,28.1377],[129.3318,28.1292],[129.2994,28.1494],[129.289,28.1889],[129.2728,28.1814],[129.2643,28.1936],[129.2845,28.222],[129.2748,28.2321],[129.2513,28.2267],[129.2395,28.2173],[129.2107,28.2186],[129.1916,28.2267],[129.1777,28.2235],[129.1711,28.2393],[129.1511,28.2363],[129.1415,28.2569]],[[129.1439,28.026],[129.1494,28.0489],[129.1663,28.0673],[129.177,28.049],[129.1668,28.0461],[129.1645,28.0221],[129.1481,28.0133],[129.1439,28.026]],[[129.1745,28.1868],[129.2077,28.2003],[129.202,28.1807],[129.2214,28.1665],[129.2258,28.1547],[129.2423,28.1505],[129.2684,28.1671],[129.2738,28.151],[129.249,28.1519],[129.2481,28.1333],[129.2602,28.1335],[129.2813,28.1219],[129.2939,28.1069],[129.3013,28.121],[129.3248,28.1089],[129.3519,28.1079],[129.3382,28.0754],[129.3174,28.0615],[129.315,28.0696],[129.3211,28.0952],[129.3052,28.0865],[129.2848,28.0841],[129.2839,28.0624],[129.2697,28.0683],[129.2604,28.0792],[129.2589,28.1039],[129.2518,28.1104],[129.2292,28.0893],[129.2118,28.126],[129.2162,28.1401],[129.2021,28.1427],[129.1852,28.1595],[129.1842,28.1729],[129.1745,28.1868]],[[129.1778,28.2964],[129.1834,28.3053],[129.2124,28.2961],[129.2073,28.2821],[129.1933,28.284],[129.1778,28.2964]],[[129.1865,29.1514],[129.1942,29.158],[129.2189,29.1575],[129.2197,29.1267],[129.2029,29.1363],[129.1865,29.1514]],[[129.2052,28.0331],[129.2146,28.0541],[129.2353,28.0305],[129.2502,28.0395],[129.2642,28.0369],[129.2669,28.0144],[129.2569,28.0051],[129.2537,28.0117],[129.2325,28.0233],[129.2144,28.0199],[129.2052,28.0331]],[[129.5304,29.9146],[129.5463,29.9102],[129.5425,29.8926],[129.5312,29.8963],[129.5304,29.9146]],[[129.5835,29.4619],[129.593,29.4763],[129.6081,29.4717],[129.6188,29.4511],[129.6036,29.4445],[129.5835,29.4619]],[[129.6845,29.6537],[129.7198,29.6697],[129.7418,29.6692],[129.7373,29.6372],[129.7325,29.6283],[129.7109,29.6123],[129.7059,29.6022],[129.6965,29.6031],[129.6869,29.6286],[129.6845,29.6537]],[[129.8341,29.8635],[129.8494,29.8826],[129.8873,29.8693],[129.894,29.8447],[129.9161,29.8244],[129.8876,29.8219],[129.8718,29.8161],[129.8614,29.8205],[129.8514,29.8366],[129.8399,29.8445],[129.8341,29.8635]],[[129.9039,29.9851],[129.9207,29.9907],[129.9326,29.9734],[129.9421,29.968],[129.9435,29.9528],[129.9308,29.949],[129.904,29.9639],[129.9039,29.9851]]]}},{"type":"Feature","properties":{},"geometry":{"type":"Polygon","coordinates":[[[125,30],[130,30],[130,32.197035862068965],[129.9968,32.1958],[129.9968,32.2166],[130,32.217520547945206],[130,32.23755743243243],[129.983,32.246],[129.9674,32.2427],[129.9791,32.2654],[129.9917,32.2815],[130,32.288638],[130,32.308175],[129.9943,32.3065],[129.9929,32.321],[129.9765,32.3297],[129.9745,32.3535],[129.99,32.3754],[129.9969,32.4047],[130,32.41274606741573],[130,32.76055217391304],[129.958,32.7644],[129.9459,32.7561],[129.9551,32.7415],[129.9239,32.7077],[129.9028,32.6812],[129.8951,32.6628],[129.8344,32.6332],[129.8365,32.6222],[129.8046,32.5921],[129.784,32.5819],[129.735,32.58],[129.7486,32.5919],[129.7634,32.5944],[129.7866,32.6116],[129.7896,32.6257],[129.8089,32.6557],[129.8162,32.6552],[129.8188,32.6845],[129.8027,32.6776],[129.8167,32.7063],[129.8279,32.707],[129.8274,32.6866],[129.8444,32.6978],[129.8499,32.7186],[129.8181,32.7207],[129.8262,32.7326],[129.8048,32.7438],[129.8131,32.7548],[129.8003,32.7625],[129.7993,32.7743],[129.776,32.7977],[129.7714,32.8145],[129.7514,32.8177],[129.7363,32.8074],[129.7181,32.8305],[129.7002,32.839],[129.6847,32.8519],[129.6772,32.8665],[129.678,32.8823],[129.6596,32.9091],[129.6511,32.9311],[129.6424,32.931],[129.6343,32.9473],[129.6282,32.9785],[129.6408,32.9909],[129.651,32.9866],[129.6545,33.0085],[129.6477,33.0172],[129.6462,33.0357],[129.6575,33.0395],[129.6608,33.0591],[129.671,33.0717],[129.6783,33.0996],[129.7281,33.0753],[129.7352,33.0647],[129.7609,33.0493],[129.7354,33.0188],[129.7315,33.0003],[129.7425,32.9894],[129.7609,33.0158],[129.7804,33.0077],[129.8001,33.0076],[129.8227,32.9717],[129.8059,32.9619],[129.8153,32.9542],[129.8163,32.9332],[129.8081,32.9167],[129.7971,32.9225],[129.8014,32.9343],[129.783,32.9371],[129.7872,32.9199],[129.8044,32.9078],[129.8063,32.8866],[129.7917,32.8729],[129.7988,32.8641],[129.8121,32.8645],[129.8329,32.8495],[129.8466,32.8309],[129.8531,32.8451],[129.8705,32.8513],[129.8781,32.8734],[129.896,32.8799],[129.9077,32.8681],[129.9172,32.8685],[129.9325,32.8576],[129.9473,32.8631],[129.97,32.8497],[129.9845,32.8351],[130,32.837547368421056],[130,32.84337651515151],[129.9903,32.858],[129.9618,32.8769],[129.966,32.8916],[129.9547,32.9048],[129.9339,32.9199],[129.9278,32.9358],[129.9305,32.9543],[129.9272,32.9687],[129.9412,32.9741],[129.9493,32.9854],[129.9448,33.014],[129.9176,33.0321],[129.8922,33.0565],[129.8759,33.0641],[129.8362,33.0597],[129.8224,33.0677],[129.799,33.0684],[129.7925,33.0824],[129.7663,33.0769],[129.7694,33.0605],[129.7441,33.0624],[129.7288,33.0991],[129.7524,33.1002],[129.7539,33.1141],[129.7661,33.1251],[129.749,33.1441],[129.7411,33.1321],[129.7201,33.1369],[129.7213,33.154],[129.7042,33.1558],[129.7094,33.1249],[129.7032,33.1163],[129.6604,33.1123],[129.6662,33.1238],[129.6867,33.136],[129.6771,33.1651],[129.6421,33.1745],[129.6545,33.1841],[129.6451,33.1951],[129.6258,33.1885],[129.6159,33.205],[129.6041,33.2036],[129.5915,33.2138],[129.5628,33.2172],[129.5663,33.2313],[129.564,33.2562],[129.5733,33.2759],[129.5883,33.2718],[129.5851,33.2892],[129.5915,33.3045],[129.5743,33.3089],[129.5613,33.3244],[129.5711,33.3365],[129.5766,33.3622],[129.5686,33.3703],[129.5762,33.38],[129.604,33.3686],[129.6177,33.3705],[129.6264,33.3628],[129.6557,33.3745],[129.6769,33.3909],[129.67,33.3637],[129.6859,33.3615],[129.7043,33.3465],[129.7227,33.3519],[129.7444,33.3671],[129.7622,33.3542],[129.7731,33.3571],[129.7747,33.3711],[129.79,33.3693],[129.7899,33.3403],[129.8021,33.3323],[129.8313,33.3038],[129.8426,33.3246],[129.8296,33.3361],[129.8441,33.3419],[129.8528,33.3643],[129.8697,33.3883],[129.8641,33.4082],[129.85,33.4056],[129.8304,33.4139],[129.8097,33.4347],[129.7896,33.4423],[129.7828,33.4541],[129.7993,33.4633],[129.7936,33.4713],[129.8187,33.4832],[129.8261,33.468],[129.8382,33.4621],[129.8424,33.4447],[129.8562,33.4573],[129.8547,33.4687],[129.8408,33.4711],[129.839,33.4947],[129.8288,33.505],[129.8477,33.5159],[129.8603,33.5421],[129.8814,33.532],[129.8958,33.5494],[129.9288,33.537],[129.9678,33.5132],[129.9435,33.4935],[129.9469,33.4723],[129.9624,33.4835],[129.97,33.4763],[129.9612,33.4586],[129.9968,33.4467],[130,33.44664336283186],[130,35],[125,35],[125,30]],[[128.5977,32.6141],[128.6073,32.6271],[128.6214,32.6347],[128.6353,32.6336],[128.6464,32.6475],[128.6642,32.6603],[128.6517,32.684],[128.6488,32.7013],[128.6603,32.7071],[128.6451,32.721],[128.651,32.7456],[128.6403,32.7608],[128.6502,32.7754],[128.6799,32.7789],[128.6961,32.7665],[128.692,32.7394],[128.7067,32.7397],[128.7468,32.7507],[128.7563,32.7686],[128.7707,32.7343],[128.7766,32.7387],[128.7644,32.7601],[128.775,32.7781],[128.7929,32.7854],[128.825,32.7607],[128.8463,32.7527],[128.8384,32.7134],[128.8529,32.6883],[128.8808,32.6699],[128.8833,32.6577],[128.8959,32.6527],[128.8917,32.6414],[128.8687,32.6441],[128.8264,32.6357],[128.8184,32.6366],[128.8082,32.6549],[128.7676,32.643],[128.7688,32.6209],[128.7851,32.609],[128.7921,32.5931],[128.772,32.5745],[128.7523,32.5783],[128.7506,32.5885],[128.7377,32.6057],[128.6883,32.6026],[128.6665,32.6082],[128.6561,32.6035],[128.6516,32.5909],[128.6355,32.595],[128.6276,32.6061],[128.5977,32.6141]],[[128.6151,32.6569],[128.6272,32.6768],[128.6395,32.6639],[128.6218,32.6375],[128.6151,32.6569]],[[128.8352,32.8167],[128.8385,32.8303],[128.8823,32.8338],[128.8992,32.8217],[128.9047,32.7965],[128.8859,32.7767],[128.882,32.7653],[128.8655,32.7635],[128.8364,32.7875],[128.8352,32.8167]],[[128.8884,32.866],[128.8932,32.8783],[128.9302,32.8602],[128.9411,32.8585],[128.955,32.8722],[128.9625,32.8531],[128.9531,32.8351],[128.94,32.8255],[128.9509,32.817],[128.9402,32.7997],[128.9386,32.8221],[128.8884,32.866]],[[128.9298,32.9199],[128.9672,32.9299],[128.9673,32.9108],[128.9616,32.9048],[128.9364,32.91],[128.9298,32.9199]],[[128.9603,32.9033],[128.9807,32.9041],[128.9881,32.9328],[128.9997,32.9199],[129.0129,32.9248],[129.0317,32.8955],[129.0266,32.8853],[129.0259,32.8443],[129.0126,32.8681],[128.9864,32.8667],[128.9684,32.8829],[128.9603,32.9033]],[[128.9623,32.7491],[128.9732,32.7582],[128.9878,32.7582],[128.9848,32.7741],[128.9968,32.7874],[129.0036,32.7505],[128.986,32.7422],[128.9623,32.7491]],[[128.9955,32.9652],[129.0125,32.9763],[129.0222,32.9737],[129.0566,32.9808],[129.0411,32.993],[129.0473,33.0355],[129.0652,33.0435],[129.0684,33.0202],[129.0875,33.0255],[129.0802,33.0583],[129.0842,33.0745],[129.1059,33.0869],[129.1084,33.1013],[129.0935,33.1209],[129.102,33.1243],[129.1194,33.1076],[129.1064,33.0611],[129.0991,33.0562],[129.0972,33.0259],[129.0891,33.0179],[129.095,33.0024],[129.087,32.984],[129.0963,32.9813],[129.1299,32.9905],[129.1455,33.0032],[129.1686,33.0032],[129.1815,32.98],[129.1799,32.9706],[129.1502,32.9574],[129.1416,32.9399],[129.1096,32.9384],[129.1067,32.9251],[129.0941,32.9191],[129.0921,32.9034],[129.0811,32.8965],[129.0919,32.8803],[129.0981,32.8599],[129.089,32.8549],[129.0663,32.8633],[129.0608,32.8485],[129.0677,32.8281],[129.0585,32.8169],[129.0437,32.8215],[129.049,32.8365],[129.0436,32.8445],[129.048,32.8747],[129.0553,32.8907],[129.0384,32.8986],[129.0442,32.9229],[129.0061,32.9405],[128.9955,32.9652]],[[129.0275,33.1995],[129.0413,33.2081],[129.0804,33.2105],[129.0822,33.1956],[129.0662,33.1949],[129.0496,33.1834],[129.0275,33.1995]],[[129.0697,33.2702],[129.0911,33.2875],[129.1383,33.2959],[129.1394,33.2792],[129.1496,33.2699],[129.1179,33.2456],[129.0974,33.2501],[129.0844,33.2634],[129.0697,33.2702]],[[129.1142,33.2085],[129.122,33.2137],[129.1379,33.1935],[129.1304,33.1853],[129.1315,33.1592],[129.119,33.1776],[129.1218,33.191],[129.1142,33.2085]],[[129.1674,34.1387],[129.174,34.1496],[129.1806,34.2259],[129.1905,34.2347],[129.1842,34.2465],[129.1953,34.2689],[129.1951,34.3123],[129.2035,34.331],[129.2233,34.3285],[129.2274,34.3191],[129.2207,34.2977],[129.2432,34.2985],[129.2792,34.3059],[129.2651,34.3203],[129.2766,34.3262],[129.3058,34.306],[129.2982,34.2847],[129.3387,34.2995],[129.3489,34.2909],[129.3453,34.2859],[129.352,34.2775],[129.3285,34.2759],[129.3149,34.2439],[129.3224,34.2349],[129.3052,34.2159],[129.298,34.2006],[129.2945,34.1607],[129.2857,34.1651],[129.2735,34.1459],[129.281,34.1303],[129.2646,34.1265],[129.2598,34.1149],[129.2134,34.0839],[129.2166,34.1003],[129.1961,34.1058],[129.1819,34.1181],[129.1693,34.1111],[129.1674,34.1387]],[[129.2241,33.0032],[129.2468,33.0229],[129.2528,33.0139],[129.2496,32.9969],[129.2339,32.9889],[129.2241,33.0032]],[[129.2268,34.3617],[129.2622,34.3678],[129.2745,34.3769],[129.2711,34.391],[129.2748,34.4422],[129.2734,34.4677],[129.2793,34.4808],[129.2908,34.4875],[129.2954,34.5037],[129.3269,34.5381],[129.3076,34.5595],[129.2857,34.56],[129.3059,34.5959],[129.3186,34.6324],[129.3203,34.6487],[129.3348,34.642],[129.3514,34.6496],[129.3825,34.6489],[129.401,34.6661],[129.4179,34.6889],[129.4387,34.6935],[129.4416,34.701],[129.474,34.6923],[129.471,34.6781],[129.4849,34.6755],[129.4894,34.665],[129.4773,34.6555],[129.4878,34.6441],[129.4783,34.6195],[129.4691,34.6079],[129.4744,34.5853],[129.4684,34.5677],[129.4701,34.5539],[129.4362,34.5078],[129.4069,34.4863],[129.3855,34.4584],[129.3684,34.453],[129.3841,34.4298],[129.3831,34.4243],[129.377,34.4199],[129.3575,34.3885],[129.3769,34.3983],[129.3821,34.3721],[129.393,34.3618],[129.3718,34.3362],[129.3623,34.3027],[129.348,34.3058],[129.3442,34.3227],[129.3531,34.3447],[129.3323,34.3703],[129.3231,34.3641],[129.3139,34.3413],[129.2931,34.3754],[129.2828,34.3591],[129.2532,34.35],[129.2344,34.3527],[129.2268,34.3617]],[[129.3103,34.3257],[129.325,34.3361],[129.3328,34.3043],[129.3193,34.3081],[129.3103,34.3257]],[[129.3474,34.2847],[129.3576,34.2991],[129.3862,34.3037],[129.3914,34.2959],[129.3592,34.2712],[129.3474,34.2847]],[[129.3476,33.1821],[129.3579,33.1919],[129.3722,33.1844],[129.4022,33.1849],[129.381,33.2067],[129.3842,33.2297],[129.3984,33.2399],[129.4213,33.2388],[129.4047,33.2545],[129.4038,33.2705],[129.446,33.2961],[129.4318,33.314],[129.4422,33.3303],[129.4363,33.3471],[129.4658,33.3537],[129.4968,33.3551],[129.5037,33.3734],[129.5175,33.3647],[129.5306,33.3671],[129.5506,33.3805],[129.5484,33.3881],[129.528,33.3887],[129.5316,33.4011],[129.5529,33.4093],[129.5615,33.3823],[129.5568,33.3731],[129.5657,33.3589],[129.5449,33.3487],[129.5372,33.3321],[129.5148,33.3242],[129.5311,33.3123],[129.5261,33.3036],[129.5034,33.2999],[129.5007,33.2597],[129.4723,33.2303],[129.4631,33.2144],[129.453,33.2144],[129.4333,33.1909],[129.3971,33.1751],[129.3748,33.169],[129.3476,33.1821]],[[129.3989,33.3586],[129.4112,33.3869],[129.4115,33.3982],[129.4226,33.4199],[129.4205,33.4324],[129.436,33.4322],[129.4274,33.4094],[129.4356,33.3968],[129.4291,33.3789],[129.4342,33.3549],[129.4156,33.351],[129.3989,33.3586]],[[129.4968,33.4715],[129.5317,33.5032],[129.5545,33.5099],[129.5517,33.4905],[129.5729,33.4967],[129.5749,33.4823],[129.5528,33.4693],[129.5173,33.4753],[129.4968,33.4715]],[[129.5132,33.1405],[129.5433,33.1518],[129.5493,33.1365],[129.5358,33.1316],[129.5132,33.1405]],[[129.5558,33.0083],[129.5605,33.0299],[129.5838,33.0269],[129.583,33.0135],[129.5616,33.0007],[129.5558,33.0083]],[[129.5878,33.0269],[129.591,33.0455],[129.6089,33.0628],[129.6329,33.0506],[129.6268,33.0369],[129.6133,33.0342],[129.6087,33.0227],[129.5878,33.0269]],[[129.5977,32.9231],[129.6012,32.94],[129.6218,32.938],[129.6246,32.9275],[129.6109,32.9162],[129.5977,32.9231]],[[129.6464,33.7519],[129.6489,33.7737],[129.6557,33.7798],[129.6494,33.8065],[129.665,33.8107],[129.6707,33.7999],[129.6843,33.8062],[129.6711,33.8374],[129.6982,33.8611],[129.7242,33.8501],[129.7667,33.8459],[129.7637,33.7998],[129.7855,33.7876],[129.7626,33.7833],[129.7885,33.7633],[129.7882,33.7471],[129.7784,33.7409],[129.7316,33.7375],[129.7328,33.7283],[129.7183,33.7164],[129.7159,33.7044],[129.6921,33.7122],[129.6768,33.7279],[129.6859,33.7412],[129.6714,33.7533],[129.6571,33.7463],[129.6464,33.7519]],[[129.6571,31.6585],[129.6695,31.6603],[129.6811,31.6716],[129.6899,31.7001],[129.7064,31.7231],[129.7468,31.7377],[129.7736,31.7404],[129.7791,31.7369],[129.7687,31.7135],[129.7468,31.7159],[129.7377,31.7044],[129.7424,31.6869],[129.7242,31.6699],[129.7371,31.6552],[129.7186,31.6387],[129.7129,31.6216],[129.6828,31.6241],[129.6808,31.6325],[129.6653,31.6386],[129.6571,31.6585]],[[129.7187,33.4199],[129.7323,33.4268],[129.7485,33.4496],[129.7556,33.4691],[129.7679,33.4611],[129.7687,33.4423],[129.7627,33.4297],[129.7442,33.4075],[129.7322,33.4057],[129.7187,33.4199]],[[129.7479,33.5795],[129.7679,33.582],[129.7726,33.5736],[129.757,33.5634],[129.7479,33.5795]],[[129.8041,33.3608],[129.8101,33.3694],[129.8082,33.4033],[129.8176,33.4106],[129.8325,33.4026],[129.8284,33.3906],[129.8586,33.3786],[129.8469,33.3679],[129.8235,33.3624],[129.8122,33.3485],[129.8041,33.3608]],[[129.8162,31.7787],[129.8198,31.8127],[129.8381,31.8189],[129.8406,31.8004],[129.8249,31.7897],[129.8277,31.7747],[129.8162,31.7787]],[[129.8169,31.8613],[129.8345,31.8821],[129.8606,31.8786],[129.8798,31.8589],[129.9094,31.8428],[129.9146,31.8671],[129.9282,31.8594],[129.9305,31.8365],[129.9266,31.8213],[129.9067,31.8206],[129.8713,31.8006],[129.8718,31.8207],[129.862,31.8343],[129.8349,31.8379],[129.8203,31.8437],[129.8169,31.8613]],[[129.9124,30.8385],[129.9239,30.8489],[129.9407,30.8454],[129.9627,30.8291],[129.9523,30.8189],[129.9299,30.8118],[129.9126,30.8209],[129.9124,30.8385]]]}},{"type":"Feature","properties":{},"geometry":{"type":"Polygon","coordinates":[[[125,35],[130,35],[130,40],[125,40],[125,35]]]}},{"type":"Feature","properties":{},"geometry":{"type":"Polygon","coordinates":[[[125,40],[130,40],[130,45],[125,45],[125,40]]]}},{"type":"Feature","properties":{},"geometry":{"type":"Polygon","coordinates":[[[125,45],[130,45],[130,50],[125,50],[125,45]]]}},{"type":"Feature","properties":{},"geometry":{"type":"Polygon","coordinates":[[[125,50],[130,50],[130,55],[125,55],[125,50]]]}},{"type":"Feature","properties":{},"geometry":{"type":"Polygon","coordinates":[[[125,55],[130,55],[130,60],[125,60],[125,55]]]}},{"type":"Feature","properties":{},"geometry":{"type":"Polygon","coordinates":[[[130,5],[135,5],[135,10],[130,10],[130,5]]]}},{"type":"Feature","properties":{},"geometry":{"type":"Polygon","coordinates":[[[130,10],[135,10],[135,15],[130,15],[130,10]]]}},{"type":"Feature","properties":{},"geometry":{"type":"Polygon","coordinates":[[[130,15],[135,15],[135,20],[130,20],[130,15]]]}},{"type":"Feature","properties":{},"geometry":{"type":"Polygon","coordinates":[[[130,20],[135,20],[135,25],[130,25],[130,20]]]}},{"type":"Feature","properties":{},"geometry":{"type":"Polygon","coordinates":[[[130,25],[135,25],[135,30],[130,30],[130,28.367642723004696],[130.0181,28.3775],[130.0294,28.3714],[130.0332,28.3565],[130.0167,28.3365],[130.0075,28.3364],[130,28.32441948051948],[130,25]],[[131.2145,25.8221],[131.2233,25.8689],[131.2353,25.8723],[131.2628,25.8688],[131.2731,25.8552],[131.2639,25.8241],[131.2531,25.8157],[131.2306,25.8128],[131.2145,25.8221]],[[131.2855,25.9605],[131.3323,25.9519],[131.3239,25.9328],[131.3058,25.9283],[131.294,25.9342],[131.2856,25.9481],[131.2855,25.9605]]]}},{"type":"Feature","properties":{},"geometry":{"type":"MultiPolygon","coordinates":[[[[130,30],[135,30],[135,34.549905213270144],[134.9945,34.5455],[134.9931,34.5255],[134.9791,34.5032],[134.9541,34.4839],[134.9431,34.4667],[134.9085,34.4365],[134.8943,34.3989],[134.8967,34.3761],[134.8936,34.3542],[134.9142,34.3365],[134.922,34.3103],[134.9417,34.2986],[134.9519,34.2671],[134.9023,34.2532],[134.8414,34.2283],[134.8153,34.209],[134.7957,34.1993],[134.7734,34.2001],[134.7293,34.1889],[134.7304,34.2066],[134.6997,34.2209],[134.7101,34.2393],[134.721,34.2415],[134.7188,34.2565],[134.703,34.2477],[134.6698,34.2489],[134.6714,34.267],[134.6593,34.2748],[134.6595,34.2951],[134.6729,34.3168],[134.6841,34.3235],[134.7065,34.3209],[134.7265,34.3296],[134.7402,34.3524],[134.7557,34.3855],[134.7625,34.386],[134.7758,34.4135],[134.7871,34.4272],[134.7974,34.4487],[134.818,34.4691],[134.8355,34.4669],[134.8445,34.4755],[134.8693,34.5135],[134.886,34.5287],[134.911,34.5349],[134.9328,34.5486],[134.9826,34.6027],[135,34.608236363636365],[135,34.642355163043476],[134.9815,34.6414],[134.962,34.6493],[134.9282,34.6716],[134.9078,34.6763],[134.8975,34.6868],[134.8429,34.7204],[134.8263,34.7063],[134.8091,34.7181],[134.8116,34.739],[134.7973,34.7331],[134.7684,34.7501],[134.7468,34.7682],[134.7071,34.777],[134.6946,34.7703],[134.6733,34.7765],[134.6651,34.7679],[134.6329,34.7673],[134.5837,34.7709],[134.5709,34.7581],[134.528,34.7827],[134.4809,34.7655],[134.4581,34.7861],[134.4552,34.7675],[134.4338,34.7668],[134.4333,34.7481],[134.4105,34.7278],[134.3847,34.7261],[134.3632,34.7407],[134.3393,34.7389],[134.3213,34.7218],[134.3109,34.7338],[134.2797,34.7328],[134.2682,34.7197],[134.2431,34.7153],[134.229,34.7304],[134.2034,34.7304],[134.1954,34.7213],[134.2019,34.7099],[134.2353,34.7147],[134.2424,34.7031],[134.2348,34.6915],[134.2181,34.6844],[134.1894,34.6518],[134.1695,34.6517],[134.1741,34.634],[134.1696,34.6135],[134.1472,34.6169],[134.1338,34.6078],[134.12,34.5891],[134.1045,34.5896],[134.0859,34.5805],[134.0797,34.5863],[134.0538,34.5865],[134.0423,34.6077],[133.9954,34.6135],[133.9566,34.5968],[134.0015,34.593],[134.0329,34.5973],[134.0437,34.5779],[134.0324,34.5731],[134.031,34.5584],[134.0213,34.55],[134.0013,34.5454],[133.9953,34.5326],[133.975,34.534],[133.9594,34.5243],[133.9613,34.5135],[133.9348,34.4723],[133.9428,34.4559],[133.9097,34.4509],[133.8976,34.457],[133.8795,34.4566],[133.8678,34.4663],[133.8342,34.4744],[133.8183,34.4691],[133.81,34.4582],[133.8047,34.4363],[133.7828,34.4381],[133.7703,34.4567],[133.7591,34.486],[133.7345,34.4985],[133.7428,34.4705],[133.7263,34.4764],[133.7034,34.4779],[133.7049,34.5161],[133.7032,34.5401],[133.6908,34.5403],[133.69,34.5123],[133.659,34.5205],[133.6402,34.5049],[133.6218,34.4949],[133.6032,34.495],[133.5889,34.4833],[133.5939,34.4695],[133.5609,34.4682],[133.5146,34.4491],[133.5013,34.4514],[133.4893,34.4416],[133.4558,34.4598],[133.4548,34.4773],[133.4463,34.4802],[133.4445,34.4466],[133.4307,34.4241],[133.4116,34.4376],[133.4072,34.4285],[133.3844,34.4193],[133.3817,34.3823],[133.3669,34.3691],[133.3464,34.3655],[133.3464,34.3765],[133.3232,34.3767],[133.3055,34.3875],[133.2901,34.3834],[133.2804,34.3955],[133.2544,34.3887],[133.2468,34.3978],[133.2704,34.4061],[133.27,34.4315],[133.2415,34.4359],[133.2439,34.4235],[133.2335,34.4115],[133.2107,34.4106],[133.176,34.3984],[133.1497,34.3929],[133.129,34.3836],[133.0923,34.3887],[133.086,34.3781],[133.0791,34.3463],[133.0605,34.3451],[133.0168,34.3291],[132.9922,34.3365],[132.984,34.3318],[132.9647,34.3365],[132.942,34.3351],[132.9298,34.3261],[132.8945,34.3263],[132.8736,34.3147],[132.8616,34.2979],[132.8469,34.2923],[132.819,34.3163],[132.8009,34.3103],[132.7845,34.2761],[132.7647,34.282],[132.753,34.2767],[132.7721,34.2532],[132.7468,34.2424],[132.7183,34.2403],[132.6943,34.234],[132.6842,34.2217],[132.6667,34.2191],[132.6588,34.2069],[132.6396,34.2023],[132.616,34.2128],[132.5957,34.2287],[132.5859,34.2145],[132.5678,34.1985],[132.5377,34.1937],[132.5435,34.2088],[132.5312,34.2213],[132.5468,34.2257],[132.5572,34.2373],[132.5238,34.2457],[132.5143,34.2649],[132.5181,34.2809],[132.4945,34.3135],[132.5036,34.3365],[132.4968,34.3487],[132.4784,34.3577],[132.4696,34.3519],[132.4472,34.3501],[132.4125,34.3625],[132.3737,34.3609],[132.325,34.3426],[132.3178,34.324],[132.2906,34.3008],[132.2709,34.2771],[132.2322,34.2573],[132.2269,34.2363],[132.2449,34.2107],[132.2368,34.1899],[132.2485,34.1699],[132.246,34.1481],[132.2328,34.1269],[132.2014,34.1251],[132.1993,34.1111],[132.2091,34.0865],[132.2081,34.0623],[132.2198,34.0488],[132.2128,34.0032],[132.1841,33.9613],[132.1397,33.9562],[132.1238,33.947],[132.1309,33.9052],[132.1299,33.8845],[132.1454,33.8751],[132.156,33.8611],[132.1572,33.8453],[132.1393,33.8319],[132.1156,33.8365],[132.1149,33.859],[132.1193,33.8754],[132.0769,33.8931],[132.0756,33.9031],[132.0522,33.9165],[132.0244,33.9019],[131.9815,33.9291],[131.9682,33.9295],[131.9628,33.9438],[131.9296,33.9506],[131.917,33.9677],[131.8819,33.9809],[131.8586,34.0065],[131.8359,34.0088],[131.8186,33.994],[131.7935,33.9873],[131.7956,33.977],[131.7728,33.9775],[131.782,33.994],[131.8139,34.0227],[131.8177,34.0349],[131.7888,34.0535],[131.7657,34.0533],[131.7468,34.0463],[131.7383,34.0547],[131.7183,34.0577],[131.679,34.0545],[131.6615,34.0412],[131.6465,34.0403],[131.635,34.0469],[131.6218,34.0381],[131.6096,34.0212],[131.5987,34.0385],[131.5901,34.0401],[131.5786,34.0203],[131.5615,34.0131],[131.5605,34.0075],[131.539,33.9973],[131.5092,34.0035],[131.5128,34.0181],[131.4836,34.0281],[131.4773,34.0172],[131.4495,33.9954],[131.4301,33.9907],[131.4273,34.0137],[131.4114,34.0203],[131.3938,34.035],[131.3798,34.0315],[131.3772,34.0079],[131.3624,33.9969],[131.3593,33.9859],[131.3473,33.9817],[131.3495,33.9656],[131.3305,33.9528],[131.3057,33.9493],[131.2882,33.9333],[131.2658,33.9228],[131.2486,33.9274],[131.2431,33.9458],[131.2218,33.9337],[131.2091,33.9441],[131.1849,33.9391],[131.1777,33.9315],[131.1606,33.9513],[131.1578,33.9611],[131.1703,33.9733],[131.1497,34.0032],[131.1207,34.0032],[131.1037,34.0287],[131.0608,34.0403],[131.0369,34.057],[131.0297,34.0392],[131.012,34.0273],[131.0203,34.02],[130.9913,33.9865],[130.9557,33.9648],[130.9213,33.9382],[130.9275,33.9262],[130.9118,33.9113],[130.8984,33.9217],[130.899,33.9446],[130.9124,33.964],[130.9161,33.9793],[130.9079,33.9925],[130.9155,34.0118],[130.9031,34.0251],[130.9134,34.0431],[130.9111,34.0591],[130.8825,34.0738],[130.8718,34.0986],[130.8616,34.104],[130.8654,34.1356],[130.8926,34.135],[130.8988,34.1485],[130.9253,34.1699],[130.9316,34.1875],[130.9212,34.2247],[130.9209,34.2391],[130.9003,34.254],[130.8964,34.2643],[130.8664,34.2873],[130.8802,34.2947],[130.8922,34.3227],[130.8899,34.3465],[130.9002,34.3545],[130.925,34.3459],[130.9339,34.3518],[130.9648,34.3576],[130.9998,34.3739],[131.034,34.3703],[131.0337,34.3833],[131.0207,34.391],[131.0166,34.4037],[131.0018,34.399],[130.9797,34.3999],[130.9584,34.4072],[130.9546,34.3892],[130.934,34.3926],[130.9578,34.4117],[130.9611,34.4278],[130.9794,34.4363],[131.0022,34.4281],[131.0042,34.4152],[131.019,34.4112],[131.0466,34.4114],[131.0753,34.4234],[131.0971,34.4199],[131.1109,34.4093],[131.1307,34.4124],[131.1368,34.3911],[131.1544,34.3725],[131.1683,34.3729],[131.1895,34.3825],[131.1972,34.3973],[131.215,34.3708],[131.2214,34.3863],[131.2337,34.3911],[131.249,34.3817],[131.271,34.39],[131.3052,34.3829],[131.3285,34.3991],[131.3321,34.4153],[131.3529,34.4111],[131.3957,34.4199],[131.4217,34.441],[131.4229,34.4539],[131.445,34.4785],[131.4613,34.4862],[131.4603,34.5002],[131.4513,34.5166],[131.4694,34.5336],[131.5033,34.5339],[131.5166,34.5539],[131.5369,34.5625],[131.5541,34.5806],[131.5504,34.5929],[131.5563,34.6151],[131.5773,34.625],[131.5973,34.6218],[131.5925,34.6371],[131.6029,34.6619],[131.6264,34.6655],[131.6453,34.6523],[131.669,34.6599],[131.6717,34.6735],[131.6899,34.681],[131.7027,34.6724],[131.7468,34.6759],[131.7951,34.688],[131.8441,34.7087],[131.8701,34.7324],[131.8718,34.7443],[131.8641,34.7548],[131.8852,34.7569],[131.8986,34.7748],[131.943,34.7911],[131.9543,34.8157],[131.9871,34.8271],[131.9946,34.8425],[132.0055,34.8465],[132.0145,34.8598],[132.0085,34.8681],[132.0293,34.875],[132.046,34.8716],[132.059,34.8773],[132.0647,34.9076],[132.0731,34.9187],[132.1048,34.9451],[132.1464,34.9657],[132.1511,34.9769],[132.1641,34.9809],[132.1900061567164,35],[130,35],[130,33.44664336283186],[130.0194,33.4463],[130.0402,33.4558],[130.0387,33.4697],[130.0469,33.4953],[130.0972,33.5091],[130.1218,33.5088],[130.1339,33.5287],[130.1521,33.5369],[130.1342,33.5661],[130.1218,33.5739],[130.0978,33.5643],[130.0961,33.5746],[130.1063,33.5965],[130.1218,33.59],[130.1459,33.5953],[130.1595,33.608],[130.1561,33.6283],[130.1725,33.6297],[130.1989,33.6409],[130.208,33.6494],[130.2086,33.6671],[130.2351,33.6496],[130.2239,33.635],[130.231,33.6165],[130.2468,33.6113],[130.2725,33.6115],[130.2647,33.5922],[130.2705,33.5833],[130.2914,33.5803],[130.3091,33.5876],[130.3117,33.5982],[130.3453,33.5949],[130.3952,33.6101],[130.4028,33.6228],[130.404,33.6521],[130.4341,33.6626],[130.417,33.6863],[130.4021,33.6805],[130.3931,33.6699],[130.3614,33.6603],[130.3559,33.6434],[130.3266,33.6579],[130.2953,33.6631],[130.2855,33.6786],[130.303,33.6874],[130.3146,33.6629],[130.3371,33.6603],[130.3718,33.6714],[130.3954,33.685],[130.4285,33.7153],[130.4463,33.725],[130.4663,33.7532],[130.47,33.7739],[130.4608,33.788],[130.4446,33.7945],[130.4522,33.8107],[130.4723,33.8183],[130.4798,33.8365],[130.4789,33.8507],[130.4985,33.8523],[130.5164,33.8601],[130.5371,33.8874],[130.5637,33.8907],[130.5687,33.88],[130.5941,33.8779],[130.6218,33.8819],[130.6523,33.8933],[130.6665,33.915],[130.6804,33.9234],[130.6861,33.9349],[130.7116,33.9384],[130.7276,33.9297],[130.7527,33.9309],[130.7527,33.9455],[130.769,33.9472],[130.7767,33.9342],[130.8062,33.9305],[130.8233,33.9199],[130.8543,33.9295],[130.8868,33.9021],[130.8807,33.8919],[130.9142,33.8958],[130.9297,33.9069],[130.9449,33.9378],[130.9624,33.9475],[130.9621,33.962],[130.9912,33.9623],[131.0001,33.9696],[131.0229,33.9589],[131.0108,33.9415],[131.013,33.9199],[130.9871,33.9002],[131.003,33.8894],[130.9926,33.8509],[130.9596,33.839],[130.9567,33.8301],[130.9658,33.8094],[130.9826,33.8086],[130.9995,33.8155],[130.9968,33.7963],[131.0169,33.7681],[130.9997,33.7572],[131.0393,33.691],[131.0509,33.6861],[131.0655,33.6577],[131.0797,33.6477],[131.0827,33.6359],[131.0987,33.6187],[131.1142,33.6303],[131.1485,33.6227],[131.1601,33.6168],[131.1845,33.6162],[131.2084,33.6157],[131.2131,33.6053],[131.237,33.6017],[131.2445,33.6111],[131.2657,33.5876],[131.2782,33.5807],[131.3328,33.5812],[131.3388,33.5713],[131.3637,33.5764],[131.403,33.5724],[131.4252,33.5733],[131.4232,33.5917],[131.4937,33.6435],[131.4981,33.6699],[131.5138,33.6699],[131.5423,33.6767],[131.5596,33.6867],[131.5846,33.6925],[131.6153,33.6749],[131.6296,33.6818],[131.6523,33.6642],[131.6601,33.6699],[131.6817,33.6396],[131.6913,33.6408],[131.7006,33.6129],[131.7294,33.5865],[131.7399,33.5611],[131.7421,33.5427],[131.7315,33.5161],[131.7287,33.4956],[131.7374,33.4952],[131.7339,33.4703],[131.7126,33.4417],[131.7024,33.4071],[131.6866,33.4061],[131.6703,33.4185],[131.6346,33.4233],[131.6304,33.4094],[131.6487,33.3845],[131.6435,33.3757],[131.5962,33.3709],[131.5961,33.3509],[131.5861,33.3463],[131.5641,33.3515],[131.5508,33.3497],[131.5354,33.3662],[131.5258,33.3677],[131.4974,33.3578],[131.4952,33.3296],[131.5034,33.3065],[131.5111,33.2688],[131.5342,33.2582],[131.5505,33.2568],[131.586,33.2462],[131.6142,33.2617],[131.6592,33.2735],[131.6907,33.2792],[131.7042,33.2745],[131.7468,33.2483],[131.7655,33.2523],[131.7723,33.2447],[131.8094,33.243],[131.8665,33.2583],[131.8905,33.2681],[131.903,33.2635],[131.889,33.2441],[131.8713,33.2361],[131.8757,33.2232],[131.8484,33.188],[131.8337,33.182],[131.8225,33.1639],[131.8214,33.1483],[131.8047,33.1305],[131.8116,33.1211],[131.8402,33.1149],[131.8609,33.1279],[131.8765,33.1307],[131.8858,33.1109],[131.8551,33.0855],[131.8626,33.0753],[131.8953,33.076],[131.9116,33.0664],[131.9648,33.0728],[131.9728,33.0619],[131.9878,33.0681],[131.9968,33.0877],[132.0052,33.0611],[131.9766,33.0465],[131.9425,33.0537],[131.9206,33.0445],[131.9219,33.0267],[131.9007,33.0103],[131.9077,33.0001],[131.896,32.98],[131.9256,32.9723],[131.923,32.964],[131.9471,32.9592],[131.9584,32.9457],[132.0059,32.9351],[132.0331,32.9394],[132.0431,32.9472],[132.0799,32.9439],[132.0783,32.9314],[132.0513,32.9359],[132.0272,32.9358],[132.0096,32.9251],[132.0093,32.9068],[131.9827,32.9135],[131.9849,32.8903],[132,32.885],[131.9838,32.8625],[131.9601,32.8464],[131.9591,32.8275],[131.9856,32.8286],[131.9841,32.8458],[132.0074,32.8365],[132.0077,32.8285],[131.9712,32.8036],[131.9464,32.8059],[131.945,32.7925],[131.9069,32.7937],[131.8895,32.8047],[131.884,32.7907],[131.8739,32.7906],[131.8787,32.765],[131.8718,32.7499],[131.8851,32.7457],[131.8718,32.7351],[131.8588,32.7331],[131.8452,32.7118],[131.855,32.6981],[131.8418,32.6909],[131.8259,32.7063],[131.817,32.7037],[131.8152,32.6877],[131.7857,32.6739],[131.7713,32.6594],[131.7627,32.6585],[131.7724,32.6339],[131.7648,32.6283],[131.7536,32.6017],[131.7418,32.5923],[131.7081,32.5865],[131.6932,32.5677],[131.6828,32.5444],[131.6829,32.5164],[131.712,32.516],[131.7094,32.5032],[131.7277,32.4926],[131.7148,32.4819],[131.6873,32.4689],[131.6583,32.4826],[131.6496,32.4573],[131.6559,32.447],[131.6771,32.4433],[131.6812,32.4352],[131.6628,32.4108],[131.642,32.407],[131.6305,32.3816],[131.635,32.3715],[131.6218,32.3601],[131.6274,32.3429],[131.616,32.34],[131.5919,32.3065],[131.5744,32.2577],[131.5749,32.2469],[131.5614,32.2145],[131.5408,32.1499],[131.5394,32.1322],[131.5194,32.0869],[131.483,31.9801],[131.4616,31.9058],[131.4539,31.8695],[131.4537,31.8181],[131.4817,31.7857],[131.4763,31.7637],[131.468,31.7532],[131.464,31.7349],[131.4674,31.7209],[131.4575,31.7093],[131.4555,31.6956],[131.4678,31.6864],[131.4495,31.6798],[131.4603,31.6688],[131.4614,31.632],[131.4474,31.6184],[131.4235,31.6089],[131.3993,31.5783],[131.3956,31.5575],[131.3811,31.5552],[131.3845,31.5197],[131.3722,31.5068],[131.3851,31.4999],[131.388,31.4847],[131.3617,31.4699],[131.3707,31.4307],[131.3629,31.4199],[131.3436,31.4124],[131.334,31.3984],[131.3332,31.3819],[131.3488,31.3718],[131.3366,31.3607],[131.3176,31.3685],[131.3086,31.3903],[131.283,31.3821],[131.255,31.3802],[131.243,31.3885],[131.2359,31.4043],[131.2411,31.4267],[131.2255,31.4317],[131.2035,31.4535],[131.1698,31.4525],[131.1595,31.4616],[131.1117,31.4731],[131.0739,31.4554],[131.0557,31.4415],[131.0355,31.4199],[131.0185,31.3913],[131.014,31.3649],[131.0171,31.3565],[131.0599,31.3419],[131.0756,31.3395],[131.1039,31.3277],[131.1036,31.3118],[131.073,31.2915],[131.0749,31.2808],[131.1054,31.2754],[131.1218,31.2867],[131.131,31.2814],[131.108,31.2603],[131.0862,31.2495],[131.0659,31.2281],[131.0478,31.2243],[131.0162,31.2278],[131.0063,31.2159],[131.0018,31.1901],[130.9843,31.1798],[130.9731,31.1669],[130.978,31.1525],[130.9598,31.1372],[130.9183,31.122],[130.915,31.1133],[130.8986,31.1107],[130.8718,31.0948],[130.8472,31.0889],[130.8334,31.0927],[130.7925,31.0817],[130.7754,31.0661],[130.7438,31.059],[130.7425,31.0531],[130.7169,31.0451],[130.7074,31.0308],[130.6899,31.0221],[130.6814,31.0032],[130.6686,31.0087],[130.6744,31.0323],[130.676,31.0627],[130.6583,31.0707],[130.6706,31.0865],[130.6826,31.0891],[130.713,31.1145],[130.731,31.1175],[130.747,31.1398],[130.7655,31.1796],[130.7537,31.2],[130.7529,31.2103],[130.7669,31.2249],[130.7721,31.2378],[130.7853,31.2467],[130.7948,31.2916],[130.7895,31.3045],[130.8018,31.3365],[130.7905,31.3575],[130.7778,31.3713],[130.7656,31.405],[130.7567,31.4213],[130.7274,31.4519],[130.6976,31.4629],[130.6938,31.4864],[130.6976,31.5287],[130.7055,31.5426],[130.6974,31.5553],[130.6763,31.5449],[130.6661,31.5529],[130.6361,31.5459],[130.615,31.5627],[130.6076,31.5737],[130.5923,31.58],[130.5912,31.5899],[130.605,31.5969],[130.6102,31.6073],[130.627,31.621],[130.6598,31.6261],[130.684,31.6212],[130.6952,31.6248],[130.7157,31.6029],[130.7161,31.5865],[130.7101,31.5662],[130.7251,31.5571],[130.7642,31.5623],[130.7864,31.5865],[130.7851,31.6011],[130.7927,31.6099],[130.8001,31.6317],[130.8157,31.6439],[130.8219,31.656],[130.8115,31.6819],[130.7939,31.7018],[130.7669,31.7073],[130.7302,31.7093],[130.7162,31.7243],[130.6861,31.7345],[130.6593,31.7283],[130.6151,31.6995],[130.6089,31.6827],[130.618,31.6565],[130.6037,31.6465],[130.6014,31.6315],[130.5767,31.6169],[130.5719,31.6031],[130.5607,31.5957],[130.5694,31.5807],[130.5579,31.5463],[130.5415,31.5393],[130.5322,31.5069],[130.5233,31.4902],[130.5127,31.4905],[130.5183,31.4713],[130.5146,31.464],[130.5245,31.4137],[130.534,31.3945],[130.5484,31.3962],[130.5571,31.3856],[130.5451,31.3766],[130.5615,31.3292],[130.5704,31.3138],[130.6056,31.2912],[130.6218,31.2755],[130.6581,31.2707],[130.6605,31.2604],[130.6486,31.2417],[130.6549,31.2177],[130.6301,31.2115],[130.6449,31.2022],[130.6264,31.1815],[130.6059,31.1829],[130.5871,31.1699],[130.5719,31.1699],[130.5543,31.1781],[130.5413,31.1675],[130.5197,31.1651],[130.5057,31.1775],[130.5143,31.1973],[130.5075,31.2131],[130.4814,31.2396],[130.4623,31.2499],[130.4451,31.2525],[130.433,31.2461],[130.3923,31.2532],[130.3531,31.2501],[130.3413,31.2553],[130.3151,31.2569],[130.3071,31.2665],[130.2819,31.2659],[130.2769,31.2466],[130.259,31.2571],[130.2152,31.2511],[130.215,31.271],[130.2019,31.2831],[130.2018,31.2961],[130.2245,31.3045],[130.2139,31.3199],[130.19,31.3157],[130.1941,31.3295],[130.2054,31.3365],[130.2072,31.3486],[130.1893,31.3545],[130.1884,31.3676],[130.1742,31.366],[130.1452,31.394],[130.1343,31.4165],[130.1577,31.4397],[130.1785,31.4228],[130.1857,31.4101],[130.2245,31.4019],[130.2349,31.4102],[130.2716,31.4259],[130.2903,31.4495],[130.3213,31.5119],[130.3317,31.5552],[130.3338,31.5865],[130.3268,31.6335],[130.3147,31.6583],[130.2977,31.6618],[130.2979,31.671],[130.2738,31.7059],[130.2619,31.7081],[130.2518,31.7309],[130.2361,31.7345],[130.2125,31.7553],[130.1875,31.7579],[130.1785,31.7803],[130.166,31.7938],[130.1724,31.8145],[130.1935,31.8428],[130.2022,31.8679],[130.2082,31.8709],[130.2193,31.8945],[130.2231,31.9115],[130.2092,31.9693],[130.2,31.9861],[130.1793,31.9983],[130.1793,32.0157],[130.1914,32.0191],[130.1939,32.0344],[130.2027,32.0407],[130.2035,32.0693],[130.1924,32.0839],[130.1716,32.0777],[130.1746,32.1045],[130.2092,32.1244],[130.2231,32.1279],[130.2656,32.1285],[130.2706,32.1174],[130.2845,32.1087],[130.3081,32.108],[130.312,32.1141],[130.3358,32.1242],[130.3514,32.1358],[130.3622,32.1511],[130.36,32.1678],[130.3788,32.1939],[130.3722,32.2035],[130.4016,32.2353],[130.4094,32.2305],[130.4355,32.2379],[130.424,32.2504],[130.4342,32.2685],[130.4487,32.2717],[130.4492,32.2884],[130.4665,32.2846],[130.4794,32.2887],[130.4712,32.3011],[130.4703,32.3173],[130.4802,32.3268],[130.4804,32.3412],[130.5068,32.3579],[130.4921,32.362],[130.5114,32.3906],[130.537,32.4101],[130.5464,32.4221],[130.5732,32.4341],[130.564,32.4559],[130.5689,32.4753],[130.5471,32.4771],[130.5415,32.4953],[130.5618,32.4984],[130.5624,32.5124],[130.5365,32.5252],[130.5493,32.5393],[130.5615,32.5377],[130.5826,32.5687],[130.6083,32.5934],[130.616,32.5876],[130.6334,32.6033],[130.6163,32.6173],[130.6393,32.6235],[130.6532,32.6129],[130.6555,32.6345],[130.615,32.6313],[130.5757,32.6211],[130.5604,32.6248],[130.5226,32.6181],[130.5108,32.6116],[130.4864,32.6125],[130.466,32.6051],[130.4504,32.6231],[130.4593,32.633],[130.4968,32.6523],[130.5355,32.6647],[130.552,32.6864],[130.5664,32.6988],[130.6075,32.7129],[130.6029,32.731],[130.6075,32.7457],[130.5989,32.7723],[130.6062,32.7895],[130.6007,32.8106],[130.581,32.832],[130.564,32.8419],[130.5229,32.8517],[130.5268,32.8782],[130.4755,32.9049],[130.4562,32.905],[130.4388,32.9207],[130.4419,32.9262],[130.4333,32.9535],[130.429,32.9873],[130.4132,33.0029],[130.4085,33.0092],[130.4211,33.0285],[130.4242,33.0527],[130.4088,33.0879],[130.3871,33.0951],[130.3961,33.108],[130.3718,33.1207],[130.3737,33.1394],[130.3549,33.1404],[130.2878,33.1469],[130.285,33.1615],[130.2465,33.1923],[130.2339,33.1938],[130.2217,33.1653],[130.1891,33.1461],[130.149,33.1127],[130.1302,33.1174],[130.1277,33.1085],[130.1449,33.0865],[130.1437,33.0731],[130.1661,33.0516],[130.1702,33.037],[130.1913,32.9994],[130.2073,32.9819],[130.2206,32.9751],[130.2198,32.9595],[130.2027,32.9569],[130.198,32.9381],[130.1791,32.9143],[130.1651,32.9141],[130.1527,32.9001],[130.1163,32.8823],[130.119,32.8739],[130.1384,32.8536],[130.1575,32.8408],[130.1783,32.8431],[130.2191,32.8584],[130.2414,32.8749],[130.259,32.8716],[130.2804,32.8782],[130.3032,32.8767],[130.3385,32.8561],[130.3461,32.8365],[130.3644,32.8066],[130.3773,32.7782],[130.3682,32.7643],[130.374,32.7389],[130.3447,32.7085],[130.3564,32.6953],[130.3527,32.6817],[130.3207,32.6599],[130.301,32.6515],[130.276,32.6537],[130.2569,32.639],[130.2548,32.6291],[130.2399,32.628],[130.2194,32.6057],[130.1909,32.609],[130.1811,32.5933],[130.1665,32.6213],[130.1451,32.6349],[130.13,32.6392],[130.1298,32.6723],[130.1365,32.6809],[130.1572,32.6853],[130.1587,32.6936],[130.184,32.7068],[130.2058,32.729],[130.2068,32.7532],[130.1965,32.7538],[130.1851,32.7737],[130.1928,32.7817],[130.1793,32.7939],[130.143,32.7961],[130.124,32.7879],[130.0835,32.7945],[130.0559,32.7811],[130.0419,32.7687],[130.0224,32.7585],[130,32.76055217391304],[130,32.41274606741573],[130.0058,32.4278],[130.0355,32.4643],[130.0457,32.4895],[130.031,32.5209],[130.0119,32.5289],[130.0273,32.5378],[130.0331,32.5214],[130.0434,32.5124],[130.0632,32.5156],[130.0906,32.5285],[130.1204,32.5467],[130.1594,32.55],[130.185,32.5476],[130.1969,32.5103],[130.1921,32.4969],[130.2033,32.4802],[130.2039,32.451],[130.2468,32.4679],[130.2578,32.4787],[130.2876,32.4868],[130.2925,32.4963],[130.317,32.5174],[130.3631,32.5229],[130.3885,32.514],[130.4154,32.5185],[130.4277,32.5165],[130.4415,32.5277],[130.4564,32.5185],[130.4388,32.4893],[130.4278,32.4555],[130.4079,32.4353],[130.4126,32.4217],[130.398,32.3955],[130.3831,32.3876],[130.3647,32.389],[130.3553,32.3768],[130.3456,32.3957],[130.3533,32.4048],[130.3414,32.4066],[130.3077,32.3962],[130.2794,32.4012],[130.2738,32.4121],[130.2608,32.4104],[130.2517,32.3875],[130.2431,32.3991],[130.2407,32.4149],[130.2256,32.4115],[130.2188,32.4239],[130.1974,32.4051],[130.2179,32.3915],[130.2236,32.3692],[130.2107,32.3575],[130.2082,32.3362],[130.1989,32.3229],[130.1811,32.3112],[130.1561,32.3121],[130.1398,32.3086],[130.1389,32.2973],[130.1624,32.3017],[130.1599,32.2897],[130.1442,32.2813],[130.1364,32.2909],[130.1218,32.2781],[130.1063,32.2537],[130.0916,32.255],[130.101,32.2369],[130.0726,32.2107],[130.0375,32.2087],[130.0214,32.1926],[130.0113,32.2014],[130,32.197035862068965],[130,30]],[[130.0987,32.1746],[130.1074,32.1993],[130.1205,32.2122],[130.1754,32.2211],[130.1847,32.2137],[130.1903,32.198],[130.186,32.168],[130.2022,32.1659],[130.2086,32.1556],[130.1787,32.1371],[130.1748,32.1129],[130.1578,32.0898],[130.1107,32.1258],[130.1149,32.1565],[130.0987,32.1746]],[[130.1541,30.4848],[130.1794,30.4839],[130.1895,30.4721],[130.1989,30.4821],[130.2126,30.4726],[130.2338,30.4689],[130.2621,30.4474],[130.2636,30.4355],[130.2468,30.4376],[130.2289,30.4269],[130.2095,30.4215],[130.1932,30.4373],[130.188,30.4518],[130.1689,30.4568],[130.1667,30.4684],[130.1541,30.4848]],[[130.1878,32.2196],[130.1959,32.231],[130.2087,32.224],[130.2103,32.2131],[130.2038,32.2043],[130.2073,32.2117],[130.1878,32.2196]],[[130.2094,32.2541],[130.2131,32.2819],[130.2211,32.2933],[130.2488,32.3042],[130.2658,32.2961],[130.2468,32.2674],[130.2255,32.262],[130.2142,32.2503],[130.2094,32.2541]],[[130.261,30.7815],[130.2673,30.7928],[130.2784,30.7935],[130.3016,30.8079],[130.3197,30.7954],[130.313,30.7807],[130.2812,30.7785],[130.2773,30.7723],[130.261,30.7815]],[[130.2941,33.6155],[130.2972,33.6341],[130.3056,33.6361],[130.3129,33.6161],[130.3018,33.607],[130.2941,33.6155]],[[130.3015,32.3506],[130.3125,32.3648],[130.3397,32.3519],[130.3091,32.3391],[130.3015,32.3506]],[[130.3017,32.3039],[130.3205,32.3169],[130.331,32.3142],[130.3366,32.3374],[130.3546,32.3517],[130.3718,32.3418],[130.3441,32.3127],[130.3284,32.3047],[130.3017,32.3039]],[[130.3759,30.3725],[130.3795,30.3929],[130.3927,30.3971],[130.4164,30.3954],[130.4296,30.4052],[130.4509,30.4321],[130.4626,30.4358],[130.4631,30.4565],[130.4691,30.4607],[130.4993,30.4523],[130.5094,30.4554],[130.5687,30.4332],[130.5757,30.4232],[130.5967,30.4165],[130.5973,30.4102],[130.6362,30.401],[130.657,30.3894],[130.6692,30.3767],[130.6615,30.3171],[130.6572,30.3066],[130.6218,30.271],[130.6078,30.2623],[130.602,30.2511],[130.5716,30.2361],[130.5216,30.2263],[130.5017,30.2321],[130.4935,30.2269],[130.4765,30.2327],[130.456,30.2339],[130.4355,30.2403],[130.4207,30.2656],[130.413,30.2651],[130.4121,30.2867],[130.4025,30.3151],[130.3929,30.318],[130.3759,30.3725]],[[130.3931,32.5865],[130.4118,32.6084],[130.4276,32.6132],[130.4406,32.6255],[130.4571,32.6141],[130.444,32.592],[130.4487,32.5773],[130.446,32.5568],[130.4223,32.5461],[130.4033,32.5523],[130.4152,32.5813],[130.3931,32.5865]],[[130.4039,33.6684],[130.416,33.6751],[130.4267,33.6622],[130.4051,33.6578],[130.4039,33.6684]],[[130.4055,33.8973],[130.4071,33.9111],[130.4467,33.9112],[130.4262,33.8871],[130.4055,33.8973]],[[130.4115,30.8093],[130.4269,30.8169],[130.4445,30.8101],[130.442,30.8003],[130.4115,30.8093]],[[130.4602,32.5722],[130.4739,32.5865],[130.486,32.5712],[130.4638,32.5398],[130.4602,32.5722]],[[130.4726,32.6032],[130.4877,32.6089],[130.5077,32.6067],[130.5099,32.5942],[130.487,32.5763],[130.4893,32.5922],[130.4726,32.6032]],[[130.778,33.9458],[130.8137,33.9433],[130.8316,33.9498],[130.8446,33.9393],[130.8216,33.9303],[130.7817,33.935],[130.778,33.9458]],[[130.8362,30.7269],[130.8409,30.7501],[130.8558,30.7649],[130.8663,30.7415],[130.8615,30.7279],[130.8508,30.7253],[130.8362,30.7269]],[[130.843,34.3541],[130.8571,34.3555],[130.8724,34.3663],[130.8775,34.3539],[130.8583,34.3532],[130.8464,34.341],[130.843,34.3541]],[[130.8492,30.4675],[130.8718,30.4659],[130.8809,30.484],[130.9028,30.5032],[130.9289,30.5439],[130.9502,30.5865],[130.9483,30.6352],[130.9418,30.6471],[130.9397,30.6699],[130.9721,30.7073],[130.9788,30.7256],[131,30.7475],[131.0076,30.7711],[131.0022,30.7837],[131.0301,30.8125],[131.0314,30.8229],[131.0601,30.8351],[131.0704,30.7984],[131.0796,30.7929],[131.0807,30.7784],[131.071,30.7636],[131.0725,30.7209],[131.0775,30.6969],[131.0682,30.6929],[131.0551,30.6699],[131.0489,30.6469],[131.0576,30.6416],[131.0525,30.6217],[131.0541,30.6057],[131.0473,30.5954],[131.0317,30.5865],[131.0313,30.5666],[131.0129,30.5484],[130.9968,30.5441],[130.9925,30.5295],[130.9823,30.5207],[130.9749,30.4937],[130.9619,30.4797],[130.9672,30.4705],[130.9577,30.4594],[130.9769,30.4383],[130.9681,30.4245],[130.9709,30.4085],[130.962,30.3831],[130.9669,30.3725],[130.9379,30.3753],[130.9028,30.363],[130.8833,30.344],[130.8713,30.3444],[130.8568,30.3694],[130.8645,30.3937],[130.8632,30.4199],[130.8512,30.4467],[130.8492,30.4675]],[[131.0246,33.8563],[131.0343,33.8577],[131.0415,33.821],[131.0321,33.8196],[131.0246,33.8563]],[[131.1269,34.7925],[131.1413,34.7882],[131.1567,34.775],[131.1603,34.7641],[131.1375,34.7585],[131.1317,34.7669],[131.1269,34.7925]],[[131.1713,34.423],[131.2184,34.4261],[131.2442,34.438],[131.2569,34.4234],[131.224,34.4223],[131.2071,34.4119],[131.1965,34.3983],[131.1729,34.4075],[131.1713,34.423]],[[131.2755,34.5173],[131.2921,34.5061],[131.2768,34.497],[131.2755,34.5173]],[[131.4025,31.5299],[131.4122,31.5387],[131.4172,31.5118],[131.4025,31.5299]],[[131.5668,33.9867],[131.5668,34.0115],[131.5803,34.0199],[131.5828,34.0239],[131.6005,34.015],[131.5909,33.9994],[131.5668,33.9867]],[[131.6326,33.7165],[131.6423,33.7321],[131.6528,33.7301],[131.6659,33.7398],[131.6877,33.7305],[131.6646,33.7169],[131.6563,33.7222],[131.6326,33.7165]],[[131.7268,34.0336],[131.7468,34.0372],[131.7615,34.0473],[131.7792,34.0488],[131.7394,34.0211],[131.731,34.021],[131.7268,34.0336]],[[131.8058,33.939],[131.8325,33.9557],[131.8477,33.9579],[131.8483,33.9706],[131.8584,33.9845],[131.8726,33.9705],[131.8577,33.9637],[131.8602,33.9533],[131.8353,33.9344],[131.8202,33.9307],[131.8058,33.939]],[[131.8132,32.6719],[131.8359,32.6665],[131.8245,32.6555],[131.8136,32.6578],[131.8132,32.6719]],[[131.9115,32.9913],[131.9227,32.9989],[131.9436,32.9962],[131.9241,32.9803],[131.9115,32.9913]],[[131.9607,33.7927],[131.9727,33.7978],[131.9926,33.7803],[131.9635,33.7686],[131.9607,33.7927]],[[132.0493,33.7847],[132.0597,33.819],[132.0771,33.8272],[132.0824,33.8446],[132.1015,33.8436],[132.106,33.8254],[132.0905,33.8262],[132.0598,33.8023],[132.0493,33.7847]],[[132.083,33.3964],[132.1059,33.408],[132.1153,33.4175],[132.1369,33.4199],[132.1541,33.4069],[132.175,33.4274],[132.1711,33.4447],[132.1926,33.4423],[132.2085,33.447],[132.2233,33.4445],[132.231,33.4617],[132.2513,33.4565],[132.2644,33.4587],[132.2947,33.4872],[132.3064,33.487],[132.3565,33.5162],[132.3865,33.5277],[132.395,33.5359],[132.4172,33.5443],[132.4325,33.5589],[132.4325,33.5671],[132.4716,33.6047],[132.4774,33.6162],[132.4899,33.6176],[132.5306,33.6375],[132.5809,33.6521],[132.6367,33.6892],[132.6514,33.6966],[132.6735,33.7303],[132.6768,33.7441],[132.693,33.7532],[132.6995,33.767],[132.6969,33.782],[132.6858,33.8073],[132.6923,33.8169],[132.6893,33.8365],[132.7006,33.8517],[132.7096,33.8541],[132.6997,33.8799],[132.7089,33.9072],[132.7364,33.9031],[132.7527,33.9093],[132.7697,33.9598],[132.7737,33.9883],[132.7696,33.9991],[132.799,34.01],[132.8542,34.0457],[132.8568,34.0548],[132.8865,34.0593],[132.9,34.0675],[132.9197,34.0666],[132.921,34.0836],[132.9306,34.0941],[132.9215,34.1163],[132.9444,34.138],[132.9521,34.1252],[132.9723,34.1151],[133.0048,34.0683],[133.0207,34.0612],[133.0364,34.0377],[133.0674,33.9755],[133.088,33.9502],[133.1071,33.9478],[133.1331,33.9271],[133.1713,33.9397],[133.2337,33.9517],[133.2505,33.9628],[133.2479,33.9753],[133.2812,33.987],[133.2852,33.9801],[133.3056,33.9829],[133.3247,33.9937],[133.3436,33.991],[133.356,33.9789],[133.3882,33.9857],[133.3943,33.9911],[133.4127,33.9862],[133.4517,33.9835],[133.4884,33.9692],[133.5112,33.9698],[133.5223,33.9795],[133.5436,33.9866],[133.5513,33.9947],[133.5448,34.0069],[133.5652,34.0127],[133.5979,34.0436],[133.6269,34.0529],[133.6367,34.0836],[133.6366,34.1232],[133.6477,34.1853],[133.6346,34.2085],[133.6099,34.2231],[133.6051,34.2333],[133.5808,34.244],[133.5891,34.2564],[133.6107,34.2507],[133.6218,34.2355],[133.6471,34.2329],[133.6746,34.2369],[133.698,34.2341],[133.7366,34.2632],[133.7307,34.2786],[133.7509,34.28],[133.7705,34.2882],[133.7615,34.2999],[133.7813,34.3099],[133.7894,34.2991],[133.8223,34.3255],[133.8202,34.3365],[133.8516,34.3603],[133.8565,34.3456],[133.8381,34.3386],[133.834,34.3248],[133.85,34.3251],[133.894,34.3542],[133.8884,34.374],[133.9206,34.3778],[133.927,34.3896],[133.9433,34.3753],[133.9588,34.3775],[133.9759,34.3733],[133.9968,34.3546],[134.0825,34.3491],[134.102,34.3774],[134.1163,34.3772],[134.1318,34.3997],[134.1568,34.3903],[134.1632,34.3752],[134.1534,34.3426],[134.165,34.3259],[134.1795,34.3253],[134.1906,34.3443],[134.2039,34.3433],[134.2179,34.3507],[134.2332,34.3373],[134.2553,34.3474],[134.2651,34.3197],[134.2468,34.3077],[134.2485,34.2975],[134.262,34.2829],[134.2763,34.2823],[134.2928,34.2741],[134.3053,34.2778],[134.3379,34.2562],[134.3636,34.2495],[134.3915,34.2532],[134.4091,34.2367],[134.4075,34.2246],[134.4397,34.2079],[134.4733,34.2095],[134.4968,34.2245],[134.5397,34.2261],[134.5578,34.2216],[134.5686,34.2362],[134.5835,34.2393],[134.5893,34.2249],[134.5835,34.2126],[134.5829,34.2039],[134.623,34.1813],[134.6418,34.1802],[134.6142,34.1428],[134.6037,34.1197],[134.6031,34.0852],[134.5967,34.0671],[134.5976,34.0539],[134.5879,34.0299],[134.5962,34.0013],[134.6182,33.9868],[134.6427,34.0032],[134.6677,33.9622],[134.6978,33.9501],[134.7058,33.9257],[134.6985,33.9063],[134.667,33.8791],[134.6331,33.8663],[134.6468,33.8527],[134.6679,33.8439],[134.6866,33.8523],[134.7065,33.85],[134.6996,33.836],[134.7192,33.8313],[134.7407,33.8419],[134.7468,33.8319],[134.7006,33.8132],[134.689,33.8057],[134.6665,33.8],[134.6505,33.7895],[134.6208,33.7867],[134.6013,33.7719],[134.5797,33.7699],[134.5658,33.7337],[134.5433,33.7366],[134.5427,33.7198],[134.5023,33.6942],[134.465,33.6797],[134.438,33.663],[134.4184,33.6656],[134.389,33.6503],[134.385,33.6423],[134.3632,33.6287],[134.3888,33.6233],[134.3679,33.6067],[134.3633,33.5889],[134.3219,33.5823],[134.3108,33.5763],[134.3052,33.5485],[134.2856,33.5308],[134.2882,33.5199],[134.2706,33.5032],[134.2413,33.4631],[134.2407,33.4519],[134.2096,33.3944],[134.2129,33.3835],[134.2047,33.3653],[134.187,33.293],[134.1837,33.2601],[134.1741,33.244],[134.1627,33.2649],[134.1383,33.2958],[134.1218,33.2989],[134.1121,33.2935],[134.1021,33.327],[134.0774,33.3405],[134.0534,33.3677],[134.0387,33.3705],[134.0306,33.4122],[133.9592,33.4422],[133.9409,33.4639],[133.9441,33.4731],[133.9343,33.4866],[133.9097,33.4947],[133.8378,33.5075],[133.8196,33.5151],[133.7686,33.5155],[133.7546,33.5199],[133.7556,33.5317],[133.729,33.5381],[133.6813,33.5339],[133.6009,33.5192],[133.5845,33.5141],[133.5649,33.5145],[133.5659,33.5345],[133.5461,33.523],[133.5621,33.4963],[133.4656,33.4529],[133.4467,33.4515],[133.4366,33.4387],[133.3981,33.4449],[133.4106,33.4292],[133.4338,33.4281],[133.4437,33.4391],[133.458,33.4273],[133.4424,33.4193],[133.4116,33.4107],[133.3946,33.4012],[133.3464,33.4002],[133.3295,33.3873],[133.3317,33.3724],[133.3082,33.3799],[133.2794,33.384],[133.2633,33.3609],[133.263,33.3432],[133.2553,33.3326],[133.2381,33.3327],[133.2309,33.3235],[133.2603,33.3101],[133.2379,33.2959],[133.2419,33.2758],[133.2549,33.2701],[133.2628,33.2576],[133.2468,33.2482],[133.2558,33.2261],[133.2384,33.2163],[133.2341,33.2036],[133.2157,33.1926],[133.2097,33.1828],[133.221,33.1728],[133.2048,33.1657],[133.1914,33.1671],[133.17,33.1502],[133.141,33.0971],[133.1191,33.0863],[133.1043,33.0725],[133.0928,33.0355],[133.0835,33.0256],[133.0724,33.0363],[133.0396,33.0379],[133.0111,33.0151],[132.9977,32.9801],[132.9921,32.9517],[132.9933,32.9304],[133.0062,32.9161],[133.0087,32.8819],[132.9935,32.8685],[132.9604,32.8644],[132.9486,32.8565],[132.9591,32.8273],[132.9522,32.8127],[132.9658,32.7994],[133.0011,32.7873],[133.0167,32.7617],[133.0138,32.7532],[133.0217,32.7263],[133.0002,32.7227],[132.9931,32.7305],[132.9726,32.7323],[132.9706,32.7468],[132.9525,32.7591],[132.9396,32.7737],[132.9245,32.7827],[132.8888,32.7903],[132.8505,32.7853],[132.8345,32.7755],[132.8265,32.761],[132.8148,32.7532],[132.7909,32.7477],[132.7703,32.7617],[132.7564,32.7532],[132.7427,32.7727],[132.7293,32.7779],[132.7109,32.7983],[132.6973,32.7956],[132.6836,32.7812],[132.6688,32.7841],[132.6477,32.7755],[132.6438,32.7869],[132.6482,32.8005],[132.644,32.82],[132.6613,32.8405],[132.661,32.8559],[132.6874,32.8733],[132.7124,32.9023],[132.7149,32.9128],[132.7017,32.9192],[132.6676,32.9193],[132.6546,32.9249],[132.6474,32.9276],[132.614,32.9192],[132.5902,32.9249],[132.5864,32.9385],[132.5667,32.9471],[132.5139,32.9499],[132.5178,32.9322],[132.4999,32.9145],[132.5267,32.9199],[132.5165,32.904],[132.4775,32.9046],[132.4692,32.9355],[132.4945,32.9422],[132.5023,32.9557],[132.4816,32.9612],[132.4782,32.9683],[132.4959,32.9762],[132.5043,32.9627],[132.5299,32.9654],[132.531,32.9735],[132.5116,32.9768],[132.5004,32.9929],[132.5056,33.0032],[132.4848,33.0101],[132.481,33.0271],[132.4842,33.0439],[132.4587,33.0459],[132.4054,33.0616],[132.4244,33.0671],[132.4307,33.056],[132.4731,33.061],[132.4779,33.084],[132.4662,33.0899],[132.4743,33.1069],[132.4733,33.1206],[132.4858,33.1246],[132.4968,33.1378],[132.4771,33.1413],[132.4546,33.1367],[132.4241,33.1559],[132.4362,33.1699],[132.4571,33.1781],[132.4764,33.1699],[132.5099,33.1759],[132.5022,33.2019],[132.5112,33.2131],[132.5297,33.2144],[132.5508,33.2249],[132.5019,33.2688],[132.4811,33.2744],[132.4821,33.2889],[132.5064,33.3053],[132.4921,33.3255],[132.4635,33.3116],[132.4398,33.3109],[132.4312,33.3198],[132.4173,33.3033],[132.3988,33.3147],[132.3688,33.3224],[132.3756,33.3365],[132.3904,33.3388],[132.4193,33.3565],[132.3987,33.3709],[132.3882,33.3718],[132.3784,33.3873],[132.3941,33.3959],[132.3924,33.4135],[132.3855,33.4199],[132.4133,33.4401],[132.4077,33.4578],[132.3865,33.4596],[132.3516,33.4839],[132.3492,33.4725],[132.323,33.4726],[132.3147,33.4566],[132.299,33.4745],[132.2798,33.4469],[132.2555,33.4412],[132.2375,33.4262],[132.1832,33.4123],[132.1536,33.3904],[132.1466,33.3759],[132.1295,33.364],[132.1025,33.3619],[132.1033,33.3734],[132.1197,33.3865],[132.0954,33.3872],[132.083,33.3964]],[[132.1751,33.9299],[132.188,33.9375],[132.1827,33.9505],[132.2115,33.9538],[132.2135,33.9651],[132.2639,33.9486],[132.2842,33.9557],[132.2867,33.9423],[132.3009,33.9299],[132.3007,33.9199],[132.3289,33.9017],[132.3488,33.9051],[132.3701,33.9283],[132.3904,33.9252],[132.4024,33.9293],[132.4064,33.9429],[132.4227,33.9539],[132.4429,33.9422],[132.4501,33.9325],[132.4214,33.9256],[132.4192,33.9199],[132.3957,33.9176],[132.3716,33.9109],[132.3632,33.8804],[132.3689,33.8638],[132.3427,33.8651],[132.3264,33.8701],[132.3363,33.8832],[132.3227,33.8918],[132.2795,33.8995],[132.268,33.8901],[132.2674,33.8769],[132.2211,33.8744],[132.2068,33.8569],[132.2014,33.8802],[132.1754,33.9019],[132.1751,33.9299]],[[132.1872,33.8075],[132.2085,33.8177],[132.2211,33.8152],[132.236,33.7975],[132.2468,33.7964],[132.2634,33.7781],[132.2564,33.7665],[132.2343,33.7835],[132.2158,33.781],[132.1872,33.8075]],[[132.262,34.2532],[132.2805,34.2689],[132.2881,34.2863],[132.32,34.2999],[132.3315,34.3109],[132.3434,34.2939],[132.3465,34.2809],[132.3163,34.2591],[132.3033,34.2445],[132.2738,34.2314],[132.262,34.2532]],[[132.3522,33.2043],[132.3776,33.2193],[132.3822,33.2093],[132.3606,33.2025],[132.3628,33.1879],[132.3522,33.2043]],[[132.3792,34.2532],[132.3863,34.2601],[132.4123,34.2593],[132.4249,34.2532],[132.4428,34.2229],[132.4567,34.2303],[132.4725,34.2081],[132.4775,34.2352],[132.4554,34.2565],[132.4505,34.248],[132.4319,34.2532],[132.445,34.2662],[132.4341,34.2853],[132.4798,34.2853],[132.4973,34.2689],[132.4906,34.2468],[132.4959,34.2393],[132.4891,34.2198],[132.4895,34.204],[132.4743,34.1955],[132.4763,34.1783],[132.4902,34.1504],[132.4552,34.1337],[132.4455,34.1383],[132.4284,34.1284],[132.4441,34.1515],[132.4466,34.1839],[132.4225,34.1803],[132.4205,34.1965],[132.385,34.2253],[132.3876,34.2394],[132.3792,34.2532]],[[132.3835,34.1771],[132.4106,34.1665],[132.4132,34.1507],[132.398,34.1465],[132.3836,34.1565],[132.3835,34.1771]],[[132.4021,34.0269],[132.4141,34.0303],[132.4205,34.0113],[132.4061,34.0145],[132.4021,34.0269]],[[132.4474,34.108],[132.4812,34.1271],[132.5031,34.1331],[132.5056,34.1465],[132.493,34.1593],[132.5013,34.1837],[132.5259,34.1997],[132.5365,34.1999],[132.5346,34.1875],[132.5456,34.1894],[132.556,34.1796],[132.5394,34.1649],[132.5227,34.1593],[132.5323,34.147],[132.5478,34.1513],[132.5447,34.1249],[132.5482,34.1167],[132.5698,34.1156],[132.566,34.0974],[132.5504,34.079],[132.5307,34.1032],[132.5186,34.0929],[132.5091,34.1032],[132.4983,34.0915],[132.4849,34.0914],[132.46,34.0823],[132.4478,34.0935],[132.4474,34.108]],[[132.4933,33.9648],[132.5032,33.989],[132.5127,33.9755],[132.4933,33.9648]],[[132.507,33.2297],[132.5164,33.2404],[132.5339,33.2263],[132.5193,33.2176],[132.507,33.2297]],[[132.5355,33.9883],[132.5556,33.9826],[132.5408,33.9613],[132.5355,33.9883]],[[132.5416,32.7309],[132.5443,32.7489],[132.5708,32.7356],[132.5701,32.7136],[132.5426,32.7023],[132.5499,32.7141],[132.5416,32.7309]],[[132.5885,33.9703],[132.6062,33.9867],[132.6402,34.0032],[132.6437,33.9609],[132.6327,33.9539],[132.6148,33.957],[132.6002,33.9428],[132.591,33.9499],[132.5885,33.9703]],[[132.648,34.1849],[132.6553,34.1954],[132.6759,34.2032],[132.6826,34.1858],[132.6626,34.1699],[132.648,34.1849]],[[132.6488,33.9597],[132.6601,33.9749],[132.6719,33.9693],[132.6567,33.9512],[132.6488,33.9597]],[[132.6593,33.9106],[132.6902,33.9144],[132.6927,33.9047],[132.6731,33.9007],[132.6798,33.8811],[132.6689,33.8705],[132.6616,33.8765],[132.6675,33.8974],[132.6593,33.9106]],[[132.6856,34.1826],[132.6859,34.1963],[132.7083,34.2044],[132.7213,34.1971],[132.7586,34.1921],[132.7648,34.1785],[132.7544,34.1647],[132.7377,34.158],[132.7386,34.1729],[132.7172,34.1723],[132.713,34.1806],[132.6856,34.1826]],[[132.7702,34.1735],[132.7853,34.1886],[132.798,34.1768],[132.7925,34.1655],[132.772,34.1608],[132.7702,34.1735]],[[132.8025,34.1718],[132.8211,34.1861],[132.8451,34.1944],[132.8673,34.1753],[132.847,34.1608],[132.8197,34.1509],[132.804,34.1535],[132.8025,34.1718]],[[132.8399,34.2277],[132.8641,34.2481],[132.8779,34.2498],[132.8862,34.2616],[132.8999,34.2473],[132.9064,34.2625],[132.932,34.2844],[132.9403,34.276],[132.9281,34.2467],[132.9157,34.2341],[132.9205,34.215],[132.8917,34.2126],[132.8791,34.2058],[132.8569,34.2082],[132.8399,34.2277]],[[132.8619,34.1915],[132.8731,34.1965],[132.8846,34.1848],[132.8811,34.1748],[132.8619,34.1915]],[[132.9445,34.2085],[132.9641,34.2273],[132.9897,34.2273],[132.9943,34.252],[132.9874,34.2629],[132.9835,34.2906],[132.9974,34.2899],[133.0105,34.2993],[133.024,34.2955],[133.0472,34.2584],[133.0557,34.2581],[133.0518,34.2275],[133.058,34.2201],[133.0323,34.2085],[133.0022,34.2097],[132.9929,34.2024],[132.9591,34.1911],[132.9445,34.2085]],[[133.012,34.1105],[133.0225,34.1249],[133.0147,34.1409],[133.0304,34.1563],[133.0334,34.1716],[133.0214,34.1768],[133.0369,34.1949],[133.0663,34.1917],[133.0825,34.1694],[133.0982,34.1746],[133.1007,34.1588],[133.0879,34.1577],[133.0788,34.1459],[133.0613,34.1344],[133.0343,34.1077],[133.012,34.1105]],[[133.0561,34.2145],[133.0665,34.2187],[133.0587,34.2264],[133.0771,34.2297],[133.0949,34.2386],[133.1107,34.2343],[133.1083,34.2218],[133.1325,34.2127],[133.1247,34.1993],[133.1102,34.191],[133.0958,34.2047],[133.079,34.1938],[133.0705,34.2095],[133.0561,34.2145]],[[133.0646,34.3046],[133.0657,34.3259],[133.079,34.3331],[133.0864,34.3145],[133.0775,34.3016],[133.0646,34.3046]],[[133.0676,34.2729],[133.0834,34.3077],[133.1147,34.3099],[133.1392,34.3152],[133.1483,34.2992],[133.1468,34.2895],[133.1149,34.274],[133.1025,34.262],[133.0825,34.2565],[133.0681,34.2641],[133.0676,34.2729]],[[133.097,34.3392],[133.1038,34.3573],[133.1218,34.3515],[133.1256,34.3365],[133.1122,34.3176],[133.1005,34.3266],[133.097,34.3392]],[[133.13,34.2571],[133.1426,34.2779],[133.1514,34.2806],[133.1652,34.2565],[133.1518,34.2457],[133.1327,34.2409],[133.13,34.2571]],[[133.1333,34.3332],[133.149,34.3584],[133.1762,34.3553],[133.1761,34.3437],[133.1944,34.3381],[133.2036,34.3187],[133.1939,34.2971],[133.1921,34.2751],[133.1697,34.2942],[133.1564,34.2984],[133.1333,34.3332]],[[133.1523,34.3851],[133.167,34.3901],[133.1708,34.3735],[133.1562,34.3745],[133.1523,34.3851]],[[133.1654,34.2809],[133.1726,34.2852],[133.1857,34.2674],[133.1784,34.2561],[133.1654,34.2809]],[[133.1699,34.3863],[133.1769,34.3958],[133.2143,34.4094],[133.2355,34.4063],[133.238,34.3974],[133.2182,34.3804],[133.2114,34.3567],[133.19,34.3575],[133.1745,34.3665],[133.1699,34.3863]],[[133.1807,34.2269],[133.184,34.2497],[133.1961,34.2466],[133.1807,34.2269]],[[133.1986,34.2681],[133.2118,34.2843],[133.2282,34.2922],[133.2357,34.2819],[133.2278,34.2679],[133.2088,34.2587],[133.2149,34.248],[133.2055,34.2386],[133.1986,34.2681]],[[133.2595,34.3663],[133.2596,34.3838],[133.2779,34.3741],[133.2702,34.3612],[133.2595,34.3663]],[[133.2617,34.3323],[133.2623,34.3465],[133.2873,34.3568],[133.285,34.3394],[133.2617,34.3323]],[[133.2896,34.3554],[133.3001,34.367],[133.317,34.3728],[133.3236,34.3601],[133.303,34.3428],[133.2896,34.3554]],[[133.5156,34.3841],[133.5468,34.4001],[133.5521,34.3921],[133.5442,34.38],[133.5452,34.3666],[133.5156,34.3841]],[[133.657,34.4066],[133.6749,34.407],[133.6758,34.3924],[133.6659,34.3825],[133.657,34.4066]],[[133.685,34.3606],[133.6903,34.3787],[133.7173,34.3941],[133.7299,34.3739],[133.7086,34.3537],[133.6994,34.3517],[133.685,34.3606]],[[133.7532,34.3874],[133.7763,34.4008],[133.7914,34.3902],[133.7639,34.3691],[133.7532,34.3874]],[[133.9647,34.4749],[133.9822,34.4734],[133.9968,34.4612],[133.9913,34.4431],[133.9736,34.4531],[133.9647,34.4749]],[[134.0069,34.4982],[134.0234,34.5069],[134.0199,34.4813],[134.0069,34.4982]],[[134.0381,34.4783],[134.0422,34.4888],[134.0558,34.4875],[134.0819,34.4999],[134.1028,34.4799],[134.0795,34.4598],[134.0635,34.4708],[134.0381,34.4783]],[[134.144,34.4783],[134.1568,34.4929],[134.1661,34.4935],[134.1672,34.5241],[134.1823,34.5158],[134.2216,34.5291],[134.2367,34.529],[134.2576,34.5493],[134.2831,34.5463],[134.3028,34.5488],[134.3128,34.5585],[134.332,34.5631],[134.3495,34.5641],[134.3446,34.5416],[134.3595,34.5301],[134.3425,34.4847],[134.3528,34.4758],[134.3486,34.4621],[134.3294,34.4455],[134.3149,34.459],[134.3128,34.4768],[134.2967,34.4798],[134.2671,34.4675],[134.2616,34.4507],[134.232,34.4145],[134.2413,34.4581],[134.2277,34.4805],[134.2147,34.4775],[134.1943,34.4843],[134.175,34.4763],[134.168,34.4655],[134.1517,34.4603],[134.144,34.4783]],[[134.2783,34.7222],[134.2935,34.7301],[134.3103,34.7273],[134.3256,34.7122],[134.3209,34.7031],[134.3015,34.7085],[134.281,34.7069],[134.2783,34.7222]],[[134.4599,34.6463],[134.4665,34.6628],[134.4941,34.6595],[134.5003,34.6454],[134.479,34.6492],[134.4677,34.6408],[134.4599,34.6463]],[[134.5131,34.6707],[134.5154,34.681],[134.5332,34.6759],[134.5419,34.6588],[134.5131,34.6707]],[[134.5613,34.6681],[134.5735,34.6769],[134.5894,34.6689],[134.5844,34.6555],[134.5727,34.6513],[134.5613,34.6681]],[[134.5875,34.2301],[134.6044,34.2515],[134.6171,34.2441],[134.5914,34.2144],[134.5911,34.2266],[134.5875,34.2301]],[[134.6104,34.2053],[134.6239,34.2177],[134.6182,34.231],[134.6366,34.2336],[134.6218,34.1858],[134.6104,34.2053]]],[[[130,32.217520547945206],[130.0114,32.2208],[130.0126,32.2313],[130,32.23755743243243],[130,32.217520547945206]]],[[[130,32.288638],[130.0117,32.2987],[130.0335,32.3021],[130.0442,32.2979],[130.0498,32.2819],[130.0619,32.2784],[130.0649,32.3055],[130.0389,32.3137],[130.0307,32.3029],[130.0171,32.3132],[130,32.308175],[130,32.288638]]],[[[130,32.837547368421056],[130.0035,32.8381],[130,32.84337651515151],[130,32.837547368421056]]]]}},{"type":"Feature","properties":{},"geometry":{"type":"Polygon","coordinates":[[[130,35],[132.1900061567164,35],[132.2368,35.0345],[132.2745,35.0414],[132.3085,35.0566],[132.3315,35.0975],[132.3612,35.1127],[132.3635,35.1203],[132.3859,35.1287],[132.387,35.1428],[132.403,35.1699],[132.4159,35.177],[132.4209,35.189],[132.4466,35.1976],[132.4755,35.2187],[132.4968,35.2269],[132.5064,35.2363],[132.5277,35.2431],[132.529,35.2516],[132.5753,35.2726],[132.6105,35.2802],[132.626,35.2873],[132.6461,35.306],[132.6643,35.3365],[132.6738,35.3749],[132.6715,35.4011],[132.6356,35.4183],[132.6505,35.4408],[132.6832,35.4503],[132.71,35.4418],[132.7241,35.4469],[132.756,35.4497],[132.757,35.4563],[132.7269,35.47],[132.7813,35.4798],[132.8015,35.4879],[132.8146,35.4981],[132.8419,35.5039],[132.8644,35.5133],[132.8718,35.5105],[132.9071,35.5121],[132.919,35.5178],[132.9655,35.5148],[132.9677,35.5422],[132.9826,35.5465],[133.0072,35.5378],[133.0265,35.5389],[133.031,35.5578],[133.0441,35.5535],[133.0681,35.5839],[133.0958,35.5783],[133.09,35.5975],[133.1115,35.5978],[133.1218,35.5783],[133.1388,35.5623],[133.1512,35.5595],[133.1826,35.5673],[133.1873,35.5783],[133.2096,35.5673],[133.219,35.5784],[133.2431,35.5704],[133.2509,35.5758],[133.2739,35.5739],[133.3063,35.5757],[133.3109,35.5601],[133.252,35.5536],[133.2441,35.5491],[133.2441,35.5352],[133.26,35.5199],[133.2509,35.5158],[133.264,35.4982],[133.2876,35.4812],[133.312,35.4703],[133.3402,35.4624],[133.3889,35.4539],[133.4248,35.4602],[133.4456,35.494],[133.4679,35.4984],[133.4968,35.5157],[133.554,35.5237],[133.567,35.5303],[133.5897,35.532],[133.607,35.5223],[133.6306,35.5193],[133.6684,35.5069],[133.7035,35.5073],[133.7468,35.5016],[133.79,35.5009],[133.8953,35.5075],[133.9357,35.5128],[133.9627,35.5229],[133.9999,35.5253],[134.0446,35.5187],[134.0817,35.5251],[134.1218,35.5268],[134.1777,35.5358],[134.2302,35.5468],[134.2672,35.5587],[134.2765,35.5723],[134.292,35.5764],[134.3018,35.5924],[134.3341,35.5925],[134.3483,35.601],[134.369,35.6042],[134.3695,35.6146],[134.404,35.6162],[134.432,35.6289],[134.4509,35.629],[134.4608,35.6399],[134.4758,35.6402],[134.495,35.6563],[134.541,35.6689],[134.5581,35.6511],[134.5777,35.6607],[134.5978,35.6587],[134.6278,35.6409],[134.657,35.6655],[134.6853,35.6561],[134.7069,35.6536],[134.7095,35.6655],[134.7248,35.6671],[134.7432,35.6596],[134.7583,35.6632],[134.7825,35.6613],[134.7954,35.6699],[134.8125,35.6637],[134.8406,35.6427],[134.8521,35.6589],[134.8671,35.6581],[134.8842,35.6571],[134.8993,35.6489],[134.9233,35.6465],[134.954,35.6577],[134.9659,35.6655],[134.9849,35.6923],[135,35.69372117647059],[135,40],[130,40],[130,35]],[[132.9464,36.0643],[132.9476,36.0799],[132.9814,36.1171],[133.0058,36.1109],[133.0124,36.1341],[133.0287,36.1373],[133.0579,36.1311],[133.069,36.1406],[133.0904,36.1368],[133.0857,36.126],[133.0691,36.1134],[133.0477,36.1131],[133.0391,36.1073],[133.0559,36.0865],[133.0457,36.0619],[133.0231,36.0637],[133.0064,36.0823],[133.0031,36.0924],[132.9792,36.0891],[132.9782,36.0793],[132.9996,36.0439],[132.9979,36.0389],[132.964,36.0599],[132.9464,36.0643]],[[132.9993,36.0324],[133.0343,36.0285],[133.0604,36.0109],[133.0587,35.9941],[133.0572,36.005],[133.0413,36.0107],[133.0111,36.0024],[132.9993,36.0324]],[[133.0677,36.0351],[133.0696,36.0584],[133.0791,36.0695],[133.0695,36.083],[133.0711,36.1058],[133.0908,36.0983],[133.0931,36.1174],[133.1149,36.1175],[133.1258,36.1112],[133.1271,36.0915],[133.1375,36.0824],[133.1145,36.0653],[133.0965,36.0577],[133.0677,36.0351]],[[133.1782,36.2497],[133.1952,36.3015],[133.2232,36.3136],[133.2295,36.3283],[133.2468,36.3345],[133.2622,36.3283],[133.2779,36.3391],[133.2874,36.3365],[133.3075,36.3189],[133.3184,36.3194],[133.3417,36.3107],[133.3442,36.298],[133.356,36.2927],[133.3842,36.2701],[133.3743,36.2532],[133.3765,36.2305],[133.3697,36.2062],[133.3461,36.1965],[133.3511,36.2124],[133.339,36.2182],[133.3341,36.1973],[133.3397,36.1699],[133.3268,36.1679],[133.2796,36.1813],[133.2775,36.1699],[133.2588,36.1699],[133.248,36.161],[133.2326,36.1695],[133.2388,36.1916],[133.2238,36.1886],[133.2083,36.1987],[133.2073,36.2099],[133.1845,36.2114],[133.1835,36.2233],[133.1919,36.2437],[133.1782,36.2497]]]}},{"type":"Feature","properties":{},"geometry":{"type":"Polygon","coordinates":[[[130,40],[135,40],[135,45],[130,45],[130,40]]]}},{"type":"Feature","properties":{},"geometry":{"type":"Polygon","coordinates":[[[130,45],[135,45],[135,50],[130,50],[130,45]]]}},{"type":"Feature","properties":{},"geometry":{"type":"Polygon","coordinates":[[[130,50],[135,50],[135,55],[130,55],[130,50]]]}},{"type":"Feature","properties":{},"geometry":{"type":"Polygon","coordinates":[[[130,55],[135,55],[135,60],[130,60],[130,55]]]}},{"type":"Feature","properties":{},"geometry":{"type":"Polygon","coordinates":[[[135,5],[140,5],[140,10],[135,10],[135,5]]]}},{"type":"Feature","properties":{},"geometry":{"type":"Polygon","coordinates":[[[135,10],[140,10],[140,15],[135,15],[135,10]]]}},{"type":"Feature","properties":{},"geometry":{"type":"Polygon","coordinates":[[[135,15],[140,15],[140,20],[135,20],[135,15]]]}},{"type":"Feature","properties":{},"geometry":{"type":"Polygon","coordinates":[[[135,20],[140,20],[140,25],[135,25],[135,20]]]}},{"type":"Feature","properties":{},"geometry":{"type":"Polygon","coordinates":[[[135,25],[140,25],[140,30],[135,30],[135,25]]]}},{"type":"Feature","properties":{},"geometry":{"type":"Polygon","coordinates":[[[135,30],[140,30],[140,35],[139.9761377314815,35],[139.961,34.9681],[139.9642,34.9429],[139.9561,34.9312],[139.9351,34.9139],[139.9177,34.9067],[139.8868,34.9027],[139.8672,34.9063],[139.8401,34.9042],[139.8244,34.9111],[139.8241,34.9327],[139.8116,34.9431],[139.7547,34.9636],[139.7539,34.9777],[139.7939,34.9737],[139.8242,34.9821],[139.829,34.9907],[139.8552,34.9897],[139.855818,35],[139.08491449275363,35],[139.0957,34.9756],[139.1276,34.9691],[139.1345,34.9515],[139.1462,34.9534],[139.1472,34.9298],[139.1324,34.8963],[139.1314,34.8789],[139.1027,34.8695],[139.088,34.8582],[139.0779,34.8429],[139.0793,34.8252],[139.0628,34.8016],[139.0583,34.7848],[139.0292,34.7678],[139.0211,34.7548],[139.0063,34.7525],[138.9925,34.7176],[138.9787,34.7087],[138.9734,34.6907],[138.9838,34.6684],[138.9786,34.6539],[138.9571,34.654],[138.9574,34.6765],[138.9363,34.6594],[138.9193,34.6531],[138.9048,34.6289],[138.8523,34.6119],[138.8436,34.6011],[138.815,34.6148],[138.81,34.6277],[138.794,34.6225],[138.7889,34.6391],[138.778,34.6397],[138.7734,34.655],[138.7914,34.6619],[138.7573,34.6909],[138.7433,34.6876],[138.7417,34.7227],[138.7562,34.7441],[138.7748,34.7532],[138.7757,34.7641],[138.7528,34.7999],[138.7524,34.8227],[138.7644,34.8311],[138.7651,34.8431],[138.7753,34.8563],[138.7599,34.8612],[138.7561,34.8845],[138.7678,34.8967],[138.7897,34.908],[138.7677,34.949],[138.7632,34.9751],[138.7787130952381,35],[138.52809182389936,35],[138.527,34.9972],[138.5148,34.9835],[138.4734,34.9611],[138.4136,34.9423],[138.3979,34.9298],[138.3573,34.9151],[138.3481,34.8969],[138.3258,34.866],[138.3242,34.8532],[138.3387,34.8326],[138.2995,34.7785],[138.2949,34.7667],[138.2458,34.7402],[138.2195,34.7173],[138.1976,34.6699],[138.1942,34.6376],[138.2064,34.6198],[138.2216,34.6069],[138.2267,34.5946],[138.1931,34.6001],[138.1218,34.6276],[138.0781,34.6422],[138.0273,34.6555],[137.9605,34.6662],[137.9115,34.667],[137.8471,34.6569],[137.7986,34.6447],[137.7468,34.657],[137.6782,34.6699],[137.5855,34.6789],[137.5322,34.6781],[137.4839,34.6738],[137.4373,34.6671],[137.3411,34.6476],[137.2517,34.6237],[137.2214,34.6134],[137.1882,34.6061],[137.1443,34.5904],[137.1211,34.5873],[137.0953,34.5911],[137.0373,34.5783],[137.0238,34.5865],[137.057,34.6491],[137.0796,34.6622],[137.0871,34.6471],[137.1185,34.6348],[137.134,34.6399],[137.1443,34.6536],[137.1717,34.6577],[137.1873,34.6699],[137.2111,34.6786],[137.224,34.6759],[137.234,34.6881],[137.2585,34.6962],[137.2668,34.7085],[137.2616,34.7158],[137.2847,34.7309],[137.3008,34.7278],[137.3008,34.6937],[137.3054,34.6808],[137.3212,34.6942],[137.3096,34.7006],[137.3082,34.7248],[137.3203,34.7326],[137.3209,34.7709],[137.3305,34.7806],[137.3112,34.8037],[137.2739,34.8066],[137.2509,34.8055],[137.2468,34.8137],[137.2245,34.8192],[137.2098,34.8028],[137.1948,34.8077],[137.1871,34.7895],[137.1755,34.7839],[137.1506,34.7823],[137.1357,34.7889],[137.116,34.7895],[137.0837,34.7819],[137.0691,34.7866],[137.0424,34.7759],[137.0273,34.7773],[137.0145,34.7943],[137.0012,34.8031],[136.9968,34.8161],[136.9642,34.8226],[136.9566,34.8334],[136.955,34.8548],[136.9653,34.8669],[136.9773,34.8946],[136.982,34.9294],[136.957,34.8811],[136.9295,34.8485],[136.9295,34.8297],[136.9199,34.8132],[136.9208,34.796],[136.9143,34.7709],[136.9268,34.7641],[136.9479,34.7408],[136.9631,34.7347],[136.9696,34.7101],[136.9487,34.6999],[136.9278,34.7059],[136.8718,34.7315],[136.8514,34.7485],[136.8415,34.7629],[136.8582,34.8026],[136.8663,34.8365],[136.8571,34.8624],[136.8211,34.8837],[136.8231,34.9329],[136.8283,34.9611],[136.8202,34.9662],[136.8411,34.9903],[136.84510733590733,35],[136.6626012987013,35],[136.6514,34.9931],[136.6453,34.9558],[136.6476,34.9465],[136.6462,34.9045],[136.6145,34.8536],[136.5938,34.8281],[136.5622,34.7963],[136.5439,34.773],[136.5337,34.7532],[136.5204,34.6967],[136.5254,34.6811],[136.5478,34.6661],[136.5489,34.6347],[136.5438,34.6222],[136.5542,34.6125],[136.584,34.6036],[136.6218,34.5983],[136.6483,34.5865],[136.6649,34.5591],[136.6949,34.5466],[136.7334,34.5379],[136.7468,34.5254],[136.7769,34.5088],[136.8097,34.5081],[136.8127,34.4924],[136.8377,34.4895],[136.849,34.478],[136.8667,34.4801],[136.8715,34.4574],[136.8837,34.4496],[136.9134,34.4533],[136.9233,34.445],[136.9193,34.4249],[136.9279,34.4134],[136.9099,34.3983],[136.9125,34.3759],[136.8985,34.3785],[136.8937,34.3896],[136.8758,34.3707],[136.8554,34.3673],[136.8468,34.3719],[136.8221,34.3629],[136.8355,34.3547],[136.8643,34.3636],[136.8699,34.3497],[136.8911,34.3653],[136.9004,34.3551],[136.8828,34.3456],[136.8778,34.3282],[136.892,34.3131],[136.8865,34.3065],[136.8983,34.2855],[136.8979,34.2755],[136.8695,34.273],[136.8447,34.2507],[136.8247,34.2504],[136.7775,34.2606],[136.766,34.2604],[136.765,34.2777],[136.7926,34.2777],[136.8047,34.2723],[136.8303,34.2751],[136.8338,34.2914],[136.8238,34.3112],[136.792,34.2881],[136.7778,34.2923],[136.7721,34.3095],[136.7528,34.2982],[136.7237,34.3041],[136.712,34.2939],[136.6929,34.2892],[136.6877,34.3012],[136.6992,34.3254],[136.7224,34.3339],[136.6986,34.3488],[136.6944,34.3355],[136.6712,34.3329],[136.656,34.3184],[136.6664,34.3123],[136.6555,34.2987],[136.6543,34.287],[136.6364,34.2851],[136.6048,34.2583],[136.5863,34.2575],[136.579,34.2696],[136.5793,34.2897],[136.5609,34.2856],[136.5578,34.2677],[136.5454,34.2532],[136.5348,34.2701],[136.5237,34.2668],[136.5058,34.2739],[136.5081,34.2532],[136.4987,34.2517],[136.4937,34.2249],[136.4634,34.2318],[136.4511,34.2197],[136.4281,34.2188],[136.4028,34.2064],[136.3863,34.2095],[136.3621,34.1899],[136.3491,34.2084],[136.3384,34.1937],[136.3191,34.1801],[136.3035,34.1801],[136.2925,34.1657],[136.2783,34.1616],[136.2774,34.1415],[136.2854,34.117],[136.3087,34.1135],[136.2976,34.0897],[136.2594,34.0989],[136.2272,34.1],[136.2362,34.0865],[136.2016,34.0751],[136.2123,34.0635],[136.2433,34.0596],[136.244,34.0387],[136.2657,34.0316],[136.2821,34.0196],[136.2554,34.0059],[136.2668,34.0014],[136.2715,33.9731],[136.2639,33.9678],[136.2217,33.9738],[136.2237,33.9457],[136.215,33.9381],[136.2007,33.9445],[136.194,33.9259],[136.1983,33.9199],[136.1705,33.9125],[136.1676,33.9243],[136.1473,33.9283],[136.1499,33.9004],[136.1314,33.8877],[136.1253,33.8956],[136.1077,33.8904],[136.0879,33.8721],[136.0657,33.8405],[136.0484,33.8097],[136.0113,33.7235],[135.9942,33.7043],[135.9851,33.6818],[135.974,33.6785],[135.9691,33.6551],[135.9394,33.6459],[135.9447,33.6171],[135.9435,33.6041],[135.9576,33.5806],[135.9227,33.5759],[135.9004,33.5629],[135.916,33.5527],[135.8937,33.5399],[135.8424,33.5171],[135.8231,33.5135],[135.7982,33.4989],[135.7818,33.4634],[135.7961,33.4503],[135.7876,33.44],[135.7699,33.4467],[135.7623,33.4333],[135.7509,33.4509],[135.7746,33.4602],[135.7709,33.4789],[135.7594,33.4841],[135.7366,33.4857],[135.7276,33.4779],[135.6965,33.4883],[135.6637,33.4905],[135.6548,33.4992],[135.6302,33.5086],[135.6197,33.5032],[135.5792,33.507],[135.5707,33.5166],[135.5481,33.5157],[135.511,33.5252],[135.4876,33.5503],[135.4682,33.5465],[135.4463,33.5491],[135.4459,33.5611],[135.4052,33.5782],[135.3872,33.6],[135.3961,33.6267],[135.393,33.6393],[135.3807,33.6511],[135.3437,33.6586],[135.3313,33.6667],[135.3547,33.6951],[135.3596,33.677],[135.3939,33.7044],[135.3894,33.7152],[135.3718,33.7314],[135.3539,33.7262],[135.354,33.744],[135.3283,33.7459],[135.3204,33.7645],[135.303,33.7676],[135.2657,33.7828],[135.2344,33.7813],[135.235,33.7983],[135.186,33.8191],[135.1746,33.8385],[135.1625,33.8453],[135.1581,33.8676],[135.1438,33.8834],[135.1133,33.8933],[135.0747,33.8875],[135.058,33.9025],[135.0832,33.9111],[135.0759,33.9223],[135.094,33.9479],[135.0806,33.956],[135.0923,33.9927],[135.125,33.9974],[135.15,34.0065],[135.1461,34.0133],[135.1617,34.0365],[135.1589,34.0467],[135.1358,34.0643],[135.105,34.0709],[135.0952,34.0793],[135.0954,34.0911],[135.1084,34.0975],[135.1153,34.1199],[135.1309,34.1215],[135.1352,34.1387],[135.154,34.1391],[135.1686,34.1334],[135.1838,34.1483],[135.182,34.1699],[135.1718,34.1853],[135.1507,34.1843],[135.1394,34.1909],[135.1446,34.2075],[135.138,34.2253],[135.1203,34.2431],[135.0955,34.2532],[135.088,34.2607],[135.0611,34.2635],[135.073,34.2769],[135.0675,34.2912],[135.0735,34.3041],[135.0931,34.3117],[135.101,34.3187],[135.1303,34.326],[135.1388,34.3186],[135.1529,34.3311],[135.175,34.3375],[135.1937,34.3365],[135.2182,34.3449],[135.2484,34.3767],[135.2627,34.3803],[135.2927,34.4069],[135.3093,34.4171],[135.3246,34.4369],[135.3432,34.4499],[135.3531,34.4508],[135.3638,34.4776],[135.3744,34.4758],[135.3709,34.5026],[135.3775,34.5094],[135.3967,34.5108],[135.4103,34.523],[135.4182,34.5194],[135.4318,34.5322],[135.4457,34.5569],[135.4105,34.5608],[135.402,34.5999],[135.4157,34.5938],[135.4209,34.5696],[135.4295,34.5707],[135.4235,34.605],[135.437,34.6048],[135.4313,34.6218],[135.4483,34.631],[135.4442,34.6445],[135.4294,34.6509],[135.4179,34.6636],[135.4161,34.6842],[135.4028,34.6932],[135.3774,34.6921],[135.3685,34.6832],[135.3539,34.6968],[135.3637,34.7049],[135.3389,34.7223],[135.3064,34.7144],[135.2945,34.7195],[135.2881,34.704],[135.2347,34.6986],[135.2075,34.6843],[135.1903,34.6813],[135.1833,34.6494],[135.1377,34.6419],[135.1111,34.6413],[135.0596,34.6255],[135.0404,34.6284],[135.0183,34.6433],[135,34.642355163043476],[135,34.608236363636365],[135.0024,34.609],[135.0254,34.5763],[135.0156,34.5624],[135,34.549905213270144],[135,30]],[[135.2013,34.4283],[135.2294,34.446],[135.2414,34.4553],[135.2646,34.4377],[135.227,34.4132],[135.2013,34.4283]],[[135.2013,34.6735],[135.22,34.6827],[135.2318,34.6734],[135.245,34.6506],[135.2173,34.6502],[135.2023,34.6592],[135.2013,34.6735]],[[135.2123,34.6283],[135.2162,34.6414],[135.237,34.6433],[135.2411,34.6336],[135.2123,34.6283]],[[135.2523,34.6932],[135.2728,34.6987],[135.2881,34.6968],[135.2906,34.6819],[135.2548,34.6779],[135.2523,34.6932]],[[135.3789,34.6431],[135.3794,34.6601],[135.4045,34.6537],[135.3921,34.6423],[135.3789,34.6431]],[[135.3985,34.6382],[135.4162,34.6447],[135.4393,34.6412],[135.4418,34.6283],[135.4222,34.6219],[135.3985,34.6382]],[[135.4048,34.53],[135.4113,34.542],[135.4263,34.5471],[135.4211,34.5246],[135.4048,34.53]],[[135.8011,33.4713],[135.828,33.4774],[135.8568,33.4707],[135.8318,33.4491],[135.8011,33.4713]],[[136.6503,34.9773],[136.6528,34.9918],[136.6777,34.987],[136.6657,34.9729],[136.6503,34.9773]],[[136.7984,34.8757],[136.8138,34.8732],[136.8224,34.8618],[136.8086,34.8393],[136.7984,34.8757]],[[136.852,34.5156],[136.8718,34.5195],[136.8718,34.5294],[136.897,34.5385],[136.9029,34.5306],[136.8753,34.509],[136.8586,34.506],[136.852,34.5156]],[[136.8718,34.4865],[136.8806,34.4948],[136.9011,34.4897],[136.8863,34.4766],[136.8718,34.4865]],[[139.12,34.1921],[139.1331,34.2035],[139.1284,34.222],[139.1416,34.2435],[139.1694,34.232],[139.1742,34.2151],[139.1539,34.2018],[139.146,34.188],[139.129,34.1851],[139.12,34.1921]],[[139.2036,34.3205],[139.2072,34.3347],[139.2258,34.3304],[139.2134,34.3163],[139.2036,34.3205]],[[139.2426,34.3623],[139.2553,34.3835],[139.2554,34.3999],[139.268,34.4146],[139.2902,34.4244],[139.291,34.4083],[139.2777,34.3888],[139.2765,34.3495],[139.2725,34.3299],[139.2447,34.3476],[139.2426,34.3623]],[[139.2685,34.5165],[139.2753,34.5321],[139.2931,34.5242],[139.2753,34.5111],[139.2685,34.5165]],[[139.3488,34.7646],[139.3507,34.7839],[139.3603,34.7988],[139.3889,34.7887],[139.4119,34.787],[139.4345,34.7703],[139.4471,34.7456],[139.4449,34.7347],[139.4492,34.6985],[139.4388,34.6786],[139.3967,34.6833],[139.3718,34.6991],[139.3529,34.718],[139.3564,34.7408],[139.3488,34.7646]],[[139.4731,34.0765],[139.4897,34.1003],[139.4982,34.1214],[139.5388,34.1237],[139.5649,34.1021],[139.5624,34.0685],[139.5294,34.0463],[139.5021,34.0454],[139.4826,34.0512],[139.4731,34.0765]],[[139.5773,33.8805],[139.5905,33.8968],[139.6056,33.9007],[139.6218,33.8876],[139.6321,33.8698],[139.6208,33.852],[139.5942,33.8543],[139.5778,33.8625],[139.5773,33.8805]],[[139.7391,33.1455],[139.7468,33.1559],[139.7714,33.158],[139.7951,33.1419],[139.7982,33.1339],[139.8196,33.1197],[139.8464,33.1164],[139.8567,33.0994],[139.8581,33.0785],[139.8404,33.0753],[139.8335,33.0656],[139.8322,33.0461],[139.8175,33.0588],[139.7979,33.0621],[139.7811,33.0725],[139.7772,33.0973],[139.7548,33.1044],[139.7401,33.1305],[139.7391,33.1455]],[[139.7546,32.4689],[139.7697,32.4679],[139.7805,32.4481],[139.7692,32.442],[139.7557,32.4485],[139.7546,32.4689]]]}},{"type":"Feature","properties":{},"geometry":{"type":"MultiPolygon","coordinates":[[[[135,35.69372117647059],[135.0019,35.6939],[135.0222,35.6895],[135.0607,35.7081],[135.0817,35.7235],[135.0857,35.7398],[135.1441,35.7503],[135.1902,35.7643],[135.2045,35.7639],[135.2213,35.7719],[135.2468,35.7573],[135.257,35.7445],[135.2872,35.7259],[135.2906,35.7064],[135.3055,35.6941],[135.2998,35.6817],[135.268,35.6674],[135.2543,35.6515],[135.2443,35.6205],[135.2131,35.5969],[135.1926,35.5711],[135.1873,35.5587],[135.1931,35.5383],[135.2081,35.5427],[135.2083,35.5628],[135.2237,35.5675],[135.2469,35.5865],[135.2507,35.5702],[135.2685,35.5662],[135.2628,35.5544],[135.2449,35.5613],[135.2369,35.5458],[135.2442,35.5359],[135.2673,35.5339],[135.2881,35.5163],[135.3098,35.5124],[135.3201,35.5255],[135.334,35.5061],[135.3169,35.4655],[135.3289,35.4653],[135.3491,35.4864],[135.378,35.4908],[135.3867,35.48],[135.4,35.4937],[135.3718,35.5063],[135.3445,35.5041],[135.3359,35.5339],[135.3718,35.5553],[135.4012,35.5615],[135.425,35.5735],[135.4479,35.5927],[135.4521,35.5675],[135.4655,35.5705],[135.4732,35.5577],[135.4865,35.558],[135.4718,35.5349],[135.4801,35.5223],[135.5158,35.5269],[135.5082,35.5032],[135.5144,35.4953],[135.5342,35.4889],[135.5756,35.4932],[135.5923,35.5032],[135.631,35.5375],[135.6514,35.5455],[135.657,35.5313],[135.6322,35.5183],[135.6419,35.5081],[135.62,35.486],[135.6317,35.4785],[135.6527,35.4785],[135.6622,35.4938],[135.675,35.4876],[135.7,35.4935],[135.7359,35.4931],[135.7486,35.5139],[135.7506,35.5302],[135.7163,35.5218],[135.7169,35.5401],[135.6904,35.5495],[135.7132,35.569],[135.7398,35.5707],[135.7486,35.5665],[135.7574,35.543],[135.7785,35.5498],[135.7979,35.5251],[135.8336,35.5363],[135.8252,35.5523],[135.8051,35.5642],[135.819,35.5738],[135.8337,35.5621],[135.8567,35.5819],[135.8536,35.603],[135.8323,35.6031],[135.8354,35.616],[135.824,35.6242],[135.8338,35.6367],[135.8658,35.6086],[135.8981,35.6237],[135.9212,35.6095],[135.9375,35.6145],[135.9537,35.6309],[135.9621,35.6223],[135.9801,35.6299],[135.9859,35.6414],[135.9666,35.6607],[135.9766,35.6847],[135.9709,35.7118],[135.9539,35.7205],[135.9682,35.7351],[135.9797,35.7329],[135.9931,35.7477],[136.0078,35.7532],[136.0169,35.7639],[136.0301,35.7532],[136.0223,35.7461],[136.0373,35.7278],[136.0412,35.6984],[136.025,35.6806],[136.042,35.6699],[136.0436,35.6587],[136.0645,35.6587],[136.0765,35.6665],[136.0816,35.6887],[136.079,35.7047],[136.0911,35.7101],[136.0973,35.7241],[136.1011,35.7532],[136.1,35.7771],[136.0694,35.8249],[136.0463,35.8409],[135.9987,35.8821],[135.9934,35.8944],[135.9968,35.9355],[135.986,35.9495],[135.9583,35.9761],[135.9639,35.9977],[135.9836,36.0087],[136.0108,36.0341],[136.0216,36.0717],[136.0338,36.1031],[136.0468,36.1085],[136.0543,36.1283],[136.0668,36.1324],[136.095,36.1568],[136.091,36.1602],[136.132,36.2141],[136.1325,36.228],[136.1232,36.2493],[136.1476,36.255],[136.1589,36.2501],[136.196,36.2644],[136.2353,36.2879],[136.2437,36.2956],[136.2708,36.3155],[136.2993,36.3519],[136.3271,36.3568],[136.3479,36.3671],[136.3718,36.3839],[136.4158,36.4199],[136.4647,36.472],[136.5745,36.5865],[136.6218,36.6399],[136.6691,36.7013],[136.7024,36.7532],[136.7241,36.7901],[136.7474,36.8365],[136.7667,36.9021],[136.7652,36.9199],[136.7487,36.9309],[136.7609,36.9435],[136.7702,36.9815],[136.7661,37.0032],[136.7434,37.0123],[136.7461,37.0301],[136.7334,37.0492],[136.7226,37.0557],[136.718,37.0781],[136.7294,37.0983],[136.7284,37.1257],[136.721,37.1423],[136.7006,37.1497],[136.6955,37.1402],[136.6764,37.1384],[136.6701,37.1491],[136.6821,37.1958],[136.68,37.2064],[136.7004,37.2231],[136.7,37.2423],[136.7212,37.2569],[136.7349,37.2862],[136.7249,37.2939],[136.7249,37.3275],[136.7568,37.3524],[136.756,37.3643],[136.8006,37.376],[136.811,37.386],[136.8295,37.3899],[136.8425,37.4004],[136.8742,37.4073],[136.9243,37.3953],[137.017,37.4332],[137.0291,37.433],[137.0454,37.4449],[137.0708,37.4548],[137.0924,37.4727],[137.1218,37.4913],[137.146,37.4996],[137.1775,37.5001],[137.2264,37.5176],[137.2418,37.5195],[137.2607,37.5307],[137.282,37.5273],[137.3251,37.5297],[137.3291,37.5195],[137.3449,37.5157],[137.351,37.5032],[137.3397,37.4867],[137.3563,37.4669],[137.3605,37.4518],[137.3404,37.4411],[137.3137,37.4387],[137.2898,37.4426],[137.2568,37.4318],[137.2449,37.4113],[137.2374,37.3895],[137.2468,37.3566],[137.2676,37.3365],[137.2468,37.3075],[137.2281,37.2965],[137.2041,37.3019],[137.1729,37.3003],[137.1639,37.3048],[137.1176,37.2891],[137.0989,37.2791],[137.094,37.2571],[137.0752,37.2439],[137.0667,37.2286],[137.0688,37.2181],[137.0357,37.2061],[137.025,37.1878],[137.007,37.1837],[136.9911,37.1999],[136.9701,37.2017],[136.9576,37.2086],[136.9413,37.2291],[136.9319,37.2207],[136.918,37.2214],[136.9117,37.1934],[136.8851,37.1649],[136.8752,37.1415],[136.8996,37.1375],[136.8927,37.1113],[136.8734,37.1143],[136.8658,37.1026],[136.8711,37.0889],[136.8594,37.081],[136.8816,37.0685],[136.8983,37.0721],[136.9065,37.0883],[136.9154,37.0909],[136.9419,37.0838],[136.94,37.0681],[136.9709,37.0477],[136.9912,37.058],[137.0041,37.0574],[137.0136,37.0907],[137.0299,37.1071],[137.0513,37.1068],[137.0531,37.0767],[137.0466,37.0391],[137.0509,37.0215],[137.0471,37.0032],[137.0537,36.9952],[137.0516,36.9595],[137.0266,36.939],[137.0321,36.9242],[137.0039,36.8909],[136.9837,36.8728],[136.9968,36.8461],[137.0165,36.8296],[137.0391,36.8167],[137.0677,36.7941],[137.0892,36.7822],[137.0971,36.7717],[137.1119,36.7679],[137.1301,36.772],[137.18,36.7577],[137.2061,36.7595],[137.2338,36.7655],[137.2919,36.7579],[137.3306,36.7619],[137.357,36.787],[137.3922,36.8066],[137.3928,36.8221],[137.4111,36.8481],[137.4094,36.8612],[137.4187,36.8768],[137.4095,36.8967],[137.4266,36.9245],[137.4968,36.9561],[137.5722,36.9639],[137.5857,36.9741],[137.6349,36.9803],[137.6549,36.9832],[137.7308,37.0032],[137.7531,37.0129],[137.8101,37.03],[137.8322,37.0411],[137.909,37.06],[137.9397,37.0756],[137.9502,37.0865],[137.9685,37.0924],[138.0056,37.1151],[138.019,37.1145],[138.051,37.1303],[138.0592,37.1417],[138.1017,37.1744],[138.1358,37.1638],[138.1725,37.1634],[138.1931,37.1699],[138.226,37.1723],[138.2495,37.1879],[138.2661,37.1934],[138.2963,37.2116],[138.3718,37.2682],[138.434,37.3199],[138.4936,37.3517],[138.5355,37.3653],[138.554,37.3783],[138.5868,37.4199],[138.6169,37.4724],[138.6546,37.5196],[138.679,37.5395],[138.7122,37.5581],[138.7327,37.5901],[138.7468,37.604],[138.7678,37.6475],[138.7723,37.6678],[138.784,37.6968],[138.7847,37.7163],[138.8205,37.7947],[138.8654,37.8365],[138.8926,37.8535],[138.9968,37.9065],[139.0737,37.9519],[139.1533,37.9684],[139.2026,37.9836],[139.2305,37.9946],[139.2779,38.0235],[139.3138,38.0495],[139.3537,38.0865],[139.4103,38.1527],[139.4274,38.1773],[139.4281,38.1979],[139.4504,38.2389],[139.441,38.2457],[139.448,38.2718],[139.4475,38.2939],[139.4525,38.3365],[139.4509,38.36],[139.46,38.3807],[139.4574,38.3965],[139.4844,38.4453],[139.4968,38.4568],[139.5111,38.4885],[139.5464,38.5373],[139.5482,38.5534],[139.5642,38.595],[139.5952,38.6394],[139.5955,38.6471],[139.6272,38.6878],[139.6478,38.6936],[139.6717,38.7193],[139.681,38.7179],[139.6982,38.7302],[139.7114,38.7532],[139.7468,38.7755],[139.7617,38.8005],[139.7788,38.8365],[139.8175,38.9425],[139.8143,38.9506],[139.826,38.9751],[139.8404,38.9855],[139.8718,39.0687],[139.879,39.0978],[139.8698,39.1186],[139.8844,39.133],[139.8852,39.1478],[139.8945,39.1555],[139.9058,39.1888],[139.8944,39.2133],[139.9148,39.2489],[139.9114,39.2641],[139.9282,39.2883],[139.9676,39.2965],[139.9968,39.3425],[140,39.35018735632184],[140,39.853415300546445],[139.9968,39.857],[139.9678,39.8802],[139.9209,39.9011],[139.8974,39.903],[139.8661,39.8981],[139.8482,39.883],[139.8502,39.8635],[139.8308,39.8694],[139.8118,39.8579],[139.7968,39.8672],[139.7636,39.8631],[139.7427,39.8687],[139.7352,39.9044],[139.7196,39.9098],[139.709,39.9237],[139.705,39.9454],[139.7183,39.9461],[139.7182,39.9596],[139.7026,39.9608],[139.6951,39.9798],[139.6965,39.999],[139.69880952380953,40],[135,40],[135,35.69372117647059]],[[136.9013,37.152],[136.9104,37.1549],[136.9262,37.1447],[136.9274,37.1325],[136.9515,37.1443],[136.962,37.1431],[136.9862,37.1512],[136.9885,37.1427],[137.023,37.1441],[137.0254,37.1585],[137.0392,37.168],[137.0539,37.1497],[137.0408,37.1397],[137.0498,37.1234],[137.0402,37.1175],[137.0054,37.1125],[136.9968,37.1197],[136.9812,37.1078],[136.9652,37.1048],[136.9464,37.0915],[136.9419,37.1103],[136.932,37.1217],[136.9069,37.1334],[136.9013,37.152]],[[138.206,37.8281],[138.2363,37.8401],[138.2643,37.8443],[138.2823,37.8677],[138.2894,37.8971],[138.279,37.9065],[138.2849,37.9199],[138.3094,37.9422],[138.3298,37.9504],[138.3431,37.9645],[138.3403,37.9782],[138.3254,37.994],[138.3014,38.007],[138.2744,38.0032],[138.2618,37.9846],[138.2549,37.965],[138.2367,37.9719],[138.2338,38.0093],[138.2215,38.0222],[138.2395,38.0303],[138.2331,38.061],[138.2468,38.0759],[138.2423,38.0875],[138.2601,38.0971],[138.2817,38.1314],[138.3022,38.1525],[138.3054,38.1669],[138.3261,38.1942],[138.3458,38.2018],[138.3718,38.2202],[138.3757,38.2283],[138.4166,38.2543],[138.439,38.2655],[138.4408,38.2866],[138.4535,38.3085],[138.4855,38.3313],[138.5146,38.3325],[138.5087,38.2934],[138.5094,38.2684],[138.5042,38.2459],[138.4937,38.2235],[138.4928,38.204],[138.4505,38.1475],[138.4355,38.1165],[138.4341,38.0962],[138.4398,38.0787],[138.4821,38.0624],[138.4918,38.0696],[138.5234,38.0726],[138.5373,38.0807],[138.5607,38.0865],[138.5723,38.0792],[138.5716,38.0651],[138.5555,38.0335],[138.5464,38.0083],[138.5229,37.9805],[138.5043,37.9464],[138.5002,37.9207],[138.4897,37.9199],[138.4644,37.8937],[138.4557,37.8939],[138.4299,37.8811],[138.3831,37.8456],[138.3635,37.8335],[138.3415,37.8263],[138.3056,37.8271],[138.262,37.8061],[138.2449,37.8027],[138.2172,37.8104],[138.206,37.8281]],[[139.2218,38.4591],[139.2558,38.4914],[139.2604,38.4833],[139.2468,38.4525],[139.2224,38.4369],[139.2218,38.4591]]],[[[136.6626012987013,35],[136.84510733590733,35],[136.8518,35.0162],[136.8689,35.0417],[136.8655,35.05],[136.8735,35.0719],[136.8894,35.0703],[136.8899,35.0865],[136.8686,35.0895],[136.861,35.0753],[136.8519,35.044],[136.8379,35.0513],[136.8494,35.0779],[136.8281,35.0827],[136.8233,35.0683],[136.8384,35.0309],[136.8121,35.0256],[136.8098,35.0493],[136.7968,35.0385],[136.7804,35.0335],[136.7961,35.0224],[136.7938,35.0149],[136.7704,35.0214],[136.7491,35.037],[136.7321,35.0263],[136.6973,35.0204],[136.6997,35.0072],[136.6764,35.0085],[136.6626012987013,35]]],[[[138.4947,35.0217],[138.5041,35.0153],[138.5239,35.0193],[138.5332,35.0131],[138.52809182389936,35],[138.7787130952381,35],[138.7789,35.0003],[138.7797,35.0174],[138.7868,35.0239],[138.8107,35.0192],[138.828,35.0229],[138.8456,35.0139],[138.856,35.02],[138.8827,35.0247],[138.9047,35.0477],[138.8871,35.0465],[138.8718,35.0708],[138.8539,35.0801],[138.8453,35.0944],[138.8278,35.107],[138.7939,35.1209],[138.7525,35.1311],[138.6977,35.1367],[138.6393,35.1149],[138.6065,35.1149],[138.5737,35.1102],[138.5566,35.0997],[138.533,35.0553],[138.513,35.0431],[138.4947,35.0217]]],[[[139.0687,35.0568],[139.0739,35.0468],[139.0995,35.0461],[139.0984,35.0075],[139.0835,35.0032],[139.08491449275363,35],[139.855818,35],[139.8567,35.0147],[139.8238,35.0371],[139.8321,35.0507],[139.8201,35.0662],[139.8422,35.0874],[139.8248,35.1133],[139.8375,35.1353],[139.8286,35.1507],[139.8181,35.1549],[139.8184,35.1867],[139.8237,35.1967],[139.8466,35.2113],[139.8665,35.2195],[139.8698,35.2349],[139.8624,35.2565],[139.8468,35.2716],[139.8528,35.2839],[139.8419,35.2941],[139.8187,35.3037],[139.8164,35.3237],[139.8391,35.3337],[139.8231,35.3443],[139.8381,35.3589],[139.8454,35.3747],[139.8825,35.3613],[139.8999,35.3722],[139.9067,35.3894],[139.8992,35.4178],[139.9052,35.432],[139.9401,35.4439],[139.9657,35.4685],[139.989,35.4698],[140,35.47564571428571],[140,35.665475],[139.986,35.6639],[139.9831,35.6817],[139.9684,35.6833],[139.9532,35.6717],[139.9329,35.6667],[139.9183,35.6555],[139.9396,35.6411],[139.8977,35.6167],[139.8726,35.6255],[139.8729,35.6385],[139.8346,35.6441],[139.8065,35.6406],[139.7986,35.6219],[139.7727,35.646],[139.7526,35.6345],[139.7487,35.5865],[139.7632,35.5607],[139.7855,35.5705],[139.8087,35.5384],[139.7898,35.5267],[139.7908,35.5078],[139.766,35.5135],[139.6818,35.4782],[139.6448,35.4758],[139.6361,35.4521],[139.6603,35.4412],[139.6907,35.4392],[139.6809,35.4262],[139.6795,35.4107],[139.6697,35.4027],[139.6526,35.4128],[139.6455,35.4029],[139.6221,35.396],[139.6534,35.3873],[139.6455,35.3778],[139.657,35.3416],[139.6343,35.3365],[139.6519,35.3216],[139.6409,35.3031],[139.6497,35.288],[139.6648,35.293],[139.6968,35.2647],[139.7437,35.2591],[139.7272,35.2395],[139.725,35.2119],[139.6852,35.2065],[139.6565,35.185],[139.6551,35.1747],[139.6643,35.1584],[139.6778,35.1575],[139.6814,35.1462],[139.6576,35.1379],[139.6517,35.1413],[139.6151,35.1389],[139.607,35.1543],[139.6182,35.1659],[139.6159,35.1899],[139.6045,35.2031],[139.623,35.2075],[139.6275,35.2155],[139.605,35.2229],[139.6001,35.238],[139.5811,35.2532],[139.5705,35.2691],[139.5676,35.2847],[139.5449,35.3081],[139.5253,35.3017],[139.4868,35.3075],[139.4673,35.3152],[139.438,35.3189],[139.3301,35.3121],[139.3142,35.3058],[139.2468,35.2915],[139.2108,35.2781],[139.1709,35.2532],[139.1435,35.2327],[139.1429,35.2101],[139.1373,35.1788],[139.1452,35.1687],[139.1452,35.1515],[139.1218,35.1499],[139.1115,35.1413],[139.1083,35.1295],[139.0894,35.1139],[139.0746,35.0927],[139.0793,35.0693],[139.0687,35.0568]],[[139.6731,35.4605],[139.6925,35.472],[139.7027,35.4551],[139.6956,35.4496],[139.6731,35.4605]],[[139.7002,35.4786],[139.7146,35.4859],[139.7345,35.4947],[139.7419,35.477],[139.7127,35.4641],[139.7002,35.4786]],[[139.7363,35.4944],[139.7599,35.5049],[139.7787,35.4993],[139.7456,35.4849],[139.7363,35.4944]],[[139.7495,35.5889],[139.7619,35.6091],[139.7833,35.5772],[139.7559,35.5772],[139.7495,35.5889]],[[139.7687,35.6265],[139.7775,35.6316],[139.7926,35.6095],[139.787,35.6021],[139.7687,35.6265]],[[139.8056,35.5995],[139.8202,35.6073],[139.8268,35.5969],[139.8132,35.5895],[139.8056,35.5995]],[[139.8266,35.6302],[139.8393,35.6313],[139.8355,35.6125],[139.8266,35.6302]]],[[[139.70885142857142,40],[139.7236,39.9822],[139.7335,39.9839],[139.7654,39.9755],[139.7981,39.9574],[139.8133,39.9592],[139.8422,39.9702],[139.8718,39.989],[139.88319759036145,40],[139.70885142857142,40]]],[[[139.9761377314815,35],[140,35],[140,35.02746862745098],[139.9968,35.0259],[139.9815,35.0113],[139.9761377314815,35]]]]}},{"type":"Feature","properties":{},"geometry":{"type":"Polygon","coordinates":[[[135,40],[139.69880952380953,40],[139.7062,40.0032],[139.70885142857142,40],[139.88319759036145,40],[139.9148,40.0305],[139.9456,40.0735],[139.9727,40.1257],[139.9934,40.1813],[139.9844,40.184],[140,40.207567741935485],[140,40.379901960784316],[139.9803,40.3884],[139.9804,40.3965],[139.9482,40.4138],[139.9364,40.4287],[139.9398,40.4341],[139.9489,40.4927],[139.9482,40.5179],[139.9417,40.5495],[139.9273,40.5774],[139.9176,40.5865],[139.8718,40.5833],[139.8605,40.6034],[139.8628,40.6169],[139.8893,40.6311],[139.9034,40.6465],[139.9238,40.6447],[139.9366,40.6631],[139.9634,40.6823],[139.9691,40.6965],[139.9876,40.7151],[139.994,40.7341],[140,40.73970377358491],[140,41.5347705882353],[139.9968,41.5415],[139.9882,41.5513],[139.9833,41.5844],[139.9839,41.6065],[139.999,41.6429],[140,41.64777],[140,42.12462960893855],[139.9902,42.1289],[139.9227,42.1335],[139.8959,42.1841],[139.8818,42.1932],[139.8812,42.2076],[139.8642,42.2195],[139.8543,42.2172],[139.8126,42.2297],[139.7969,42.2316],[139.7753,42.2619],[139.7857,42.2741],[139.7668,42.3112],[139.7818,42.3539],[139.8002,42.3605],[139.8292,42.3935],[139.8417,42.4199],[139.8524,42.463],[139.843,42.4995],[139.8468,42.5274],[139.8386,42.5423],[139.8236,42.5951],[139.8234,42.6138],[139.8421,42.6266],[139.8565,42.6499],[139.8723,42.6663],[139.897,42.6797],[139.9257,42.689],[139.9889,42.6927],[140,42.68844893617021],[140,45],[135,45],[135,40]],[[139.3348,41.519],[139.3408,41.5258],[139.3741,41.524],[139.3838,41.5097],[139.3757,41.5032],[139.3408,41.4957],[139.3348,41.519]],[[139.4059,42.1647],[139.4068,42.1784],[139.4346,42.215],[139.4675,42.2176],[139.4793,42.2232],[139.5355,42.2339],[139.5607,42.2459],[139.5607,42.2289],[139.5459,42.2045],[139.526,42.1907],[139.5173,42.177],[139.522,42.1554],[139.5197,42.139],[139.5036,42.0966],[139.4817,42.0731],[139.4521,42.0644],[139.4503,42.0521],[139.4444,42.0642],[139.4221,42.0718],[139.4258,42.0905],[139.4191,42.1126],[139.4232,42.1364],[139.4059,42.1647]]]}},{"type":"Feature","properties":{},"geometry":{"type":"Polygon","coordinates":[[[135,45],[140,45],[140,50],[135,50],[135,45]]]}},{"type":"Feature","properties":{},"geometry":{"type":"Polygon","coordinates":[[[135,50],[140,50],[140,55],[135,55],[135,50]]]}},{"type":"Feature","properties":{},"geometry":{"type":"Polygon","coordinates":[[[135,55],[140,55],[140,60],[135,60],[135,55]]]}},{"type":"Feature","properties":{},"geometry":{"type":"Polygon","coordinates":[[[140,5],[145,5],[145,10],[140,10],[140,5]]]}},{"type":"Feature","properties":{},"geometry":{"type":"Polygon","coordinates":[[[140,10],[145,10],[145,15],[140,15],[140,10]]]}},{"type":"Feature","properties":{},"geometry":{"type":"Polygon","coordinates":[[[140,15],[145,15],[145,20],[140,20],[140,15]]]}},{"type":"Feature","properties":{},"geometry":{"type":"Polygon","coordinates":[[[140,20],[145,20],[145,25],[140,25],[140,20]],[[141.2862,24.7452],[141.2937,24.7802],[141.2869,24.7895],[141.3289,24.8117],[141.3385,24.8027],[141.3475,24.7822],[141.3375,24.771],[141.3259,24.7702],[141.2862,24.7452]],[[141.4553,24.2423],[141.4729,24.2406],[141.4601,24.2252],[141.4553,24.2423]]]}},{"type":"Feature","properties":{},"geometry":{"type":"Polygon","coordinates":[[[140,25],[145,25],[145,30],[140,30],[140,25]],[[141.2728,25.4397],[141.2816,25.4477],[141.2913,25.4387],[141.2931,25.4262],[141.2782,25.4177],[141.2728,25.4397]],[[142.1448,26.6737],[142.1494,26.6827],[142.1636,26.6859],[142.1635,26.662],[142.1757,26.6541],[142.173,26.6361],[142.1808,26.627],[142.1789,26.6069],[142.17,26.6308],[142.1552,26.6346],[142.147,26.6505],[142.1448,26.6737]],[[142.1828,27.157],[142.189,27.187],[142.2015,27.1652],[142.1888,27.144],[142.1828,27.157]],[[142.1862,27.1043],[142.2036,27.1045],[142.2178,27.0993],[142.225,27.0803],[142.2323,27.0773],[142.2316,27.0575],[142.2207,27.0353],[142.1992,27.0445],[142.1879,27.0437],[142.1918,27.0743],[142.204,27.0726],[142.2073,27.0847],[142.1923,27.0895],[142.1862,27.1043]],[[142.19,27.1247],[142.2165,27.1323],[142.229,27.1134],[142.22,27.1081],[142.19,27.1247]]]}},{"type":"Feature","properties":{},"geometry":{"type":"Polygon","coordinates":[[[140,30],[145,30],[145,35],[140,35],[140,30]],[[140.2865,30.4827],[140.3045,30.4955],[140.3142,30.4855],[140.2986,30.4723],[140.2865,30.4827]]]}},{"type":"Feature","properties":{},"geometry":{"type":"MultiPolygon","coordinates":[[[[140,35],[145,35],[145,40],[141.9404709570957,40],[141.9564,39.9803],[141.957,39.9583],[141.9386,39.9329],[141.9553,39.8934],[141.9721,39.8829],[141.9787,39.8667],[141.9749,39.8485],[141.9907,39.8209],[141.9842,39.8064],[141.9844,39.7898],[141.9968,39.7783],[141.9887,39.7601],[141.9926,39.7532],[141.9849,39.7353],[141.9866,39.7106],[141.9738,39.7024],[141.9688,39.6881],[141.9862,39.6829],[141.9725,39.6624],[141.9833,39.6476],[141.9651,39.6401],[141.971,39.6263],[141.9641,39.6121],[141.9457,39.5992],[141.9589,39.5865],[141.9766,39.6121],[141.9838,39.615],[142.0175,39.6551],[142.0276,39.6483],[142.0234,39.6301],[142.0261,39.6054],[142.0371,39.5735],[142.058,39.5735],[142.0692,39.5609],[142.0662,39.5343],[142.0338,39.5293],[142.0286,39.5102],[142.0098,39.4946],[142.0125,39.4804],[141.9932,39.4837],[141.957,39.4757],[141.9581,39.4579],[141.9732,39.4415],[142.0034,39.4549],[142.0093,39.4647],[142.0371,39.4834],[142.0504,39.481],[142.0581,39.4651],[142.0405,39.4474],[142.044,39.4255],[142.0296,39.4161],[142.0098,39.4261],[142.0056,39.4115],[141.9818,39.4095],[141.9725,39.419],[141.9393,39.387],[141.9471,39.3719],[141.9648,39.3691],[141.9539,39.3543],[141.9407,39.349],[141.9194,39.3554],[141.8995,39.3339],[141.9125,39.3243],[141.9237,39.3333],[141.9446,39.3297],[141.96,39.341],[141.9817,39.3365],[141.9712,39.3137],[141.9479,39.3159],[141.9378,39.3088],[141.898,39.3056],[141.9047,39.2929],[141.9285,39.2723],[141.8895,39.2742],[141.9009,39.2583],[141.9234,39.2386],[141.945,39.2475],[141.9513,39.2264],[141.9311,39.2215],[141.8907,39.198],[141.8821,39.1863],[141.9229,39.1849],[141.9169,39.1739],[141.8851,39.1555],[141.8454,39.1553],[141.8375,39.1462],[141.8718,39.1311],[141.8734,39.117],[141.8982,39.1197],[141.9149,39.1075],[141.8838,39.0901],[141.8586,39.1043],[141.8355,39.1044],[141.8115,39.1121],[141.8101,39.0934],[141.8218,39.0773],[141.8718,39.0711],[141.864,39.0594],[141.8407,39.0605],[141.8174,39.0504],[141.8479,39.0387],[141.8531,39.0297],[141.8188,39.0236],[141.7982,39.026],[141.7972,39.0382],[141.763,39.0201],[141.7454,39.0251],[141.7335,39.0533],[141.7099,39.0247],[141.7318,39.0132],[141.7439,38.9927],[141.7238,38.9892],[141.7001,38.977],[141.6973,38.9693],[141.7235,38.9639],[141.7288,38.9529],[141.6973,38.9471],[141.6849,38.9688],[141.6694,38.9759],[141.6701,38.9895],[141.6817,38.9987],[141.6672,39.006],[141.6427,39.0069],[141.6251,39.0011],[141.6322,38.971],[141.6324,38.9585],[141.6529,38.9199],[141.6516,38.9037],[141.6617,38.8969],[141.6693,38.8611],[141.6519,38.869],[141.6371,38.893],[141.6218,38.8931],[141.6055,38.8803],[141.594,38.8903],[141.583,38.8522],[141.5917,38.8228],[141.578,38.8127],[141.557,38.8107],[141.5558,38.8017],[141.522,38.7891],[141.5165,38.7718],[141.5216,38.7603],[141.5409,38.7395],[141.5591,38.7377],[141.5586,38.7039],[141.5465,38.7118],[141.5238,38.7056],[141.5168,38.6909],[141.4906,38.69],[141.4823,38.6749],[141.4448,38.6738],[141.4504,38.6579],[141.4637,38.6477],[141.4849,38.6418],[141.4968,38.6453],[141.51,38.637],[141.5294,38.6374],[141.5251,38.6106],[141.4874,38.5839],[141.4604,38.5795],[141.4673,38.5614],[141.4872,38.5543],[141.4858,38.5424],[141.4979,38.5325],[141.5152,38.5447],[141.5344,38.5421],[141.5316,38.5325],[141.5464,38.5226],[141.5303,38.4887],[141.5165,38.4929],[141.5137,38.5132],[141.4851,38.5103],[141.4968,38.4764],[141.4766,38.4641],[141.4957,38.4567],[141.4966,38.4405],[141.4826,38.4371],[141.4489,38.4459],[141.4752,38.4199],[141.4712,38.4054],[141.4808,38.3987],[141.5015,38.4063],[141.5141,38.3931],[141.5377,38.401],[141.5406,38.3903],[141.5101,38.3909],[141.5068,38.3839],[141.4825,38.3769],[141.5193,38.3668],[141.5247,38.3485],[141.5338,38.3413],[141.528,38.3229],[141.5405,38.317],[141.538,38.3015],[141.527,38.2961],[141.5242,38.2719],[141.5118,38.2765],[141.5083,38.2984],[141.4907,38.3087],[141.468,38.3064],[141.4591,38.3227],[141.4748,38.3308],[141.4646,38.3391],[141.4232,38.3449],[141.423,38.3561],[141.4433,38.3701],[141.4386,38.3815],[141.4233,38.3855],[141.4114,38.3967],[141.3882,38.3856],[141.3661,38.3898],[141.3691,38.4073],[141.3589,38.4138],[141.3252,38.4119],[141.2977,38.4145],[141.2487,38.4059],[141.2074,38.392],[141.1724,38.3747],[141.1606,38.3653],[141.1691,38.3365],[141.1564,38.3223],[141.1389,38.3393],[141.1494,38.3431],[141.1323,38.3621],[141.1333,38.3775],[141.0854,38.3814],[141.0628,38.3697],[141.0524,38.3334],[141.0425,38.3237],[141.0457,38.3131],[141.0766,38.3199],[141.075,38.2953],[141.0639,38.2825],[141.0299,38.2757],[141.0241,38.2653],[140.9863,38.2177],[140.9654,38.1849],[140.9417,38.1319],[140.9281,38.0865],[140.9218,38.0339],[140.9155,38.0032],[140.9152,37.9814],[140.9231,37.9199],[140.9312,37.8963],[140.9364,37.8727],[140.9597,37.8316],[140.9866,37.8241],[140.9905,37.7694],[141.0005,37.7625],[141.01,37.7448],[141.0124,37.6872],[141.0243,37.6461],[141.023,37.6239],[141.0291,37.5482],[141.0419,37.4811],[141.0369,37.4666],[141.035,37.3575],[141.0271,37.3365],[141.0242,37.2997],[141.0129,37.2532],[141.0211,37.2349],[141.0063,37.2125],[141.0008,37.1837],[140.9994,37.1109],[140.9909,37.1037],[140.9791,37.0749],[140.9731,37.0383],[140.9749,37.0132],[140.982,36.9968],[140.9736,36.9915],[140.9695,36.9742],[140.9406,36.9549],[140.9207,36.9343],[140.8963,36.9433],[140.8691,36.9316],[140.841,36.9091],[140.8178,36.9087],[140.8014,36.894],[140.7909,36.8759],[140.7936,36.8596],[140.8062,36.8313],[140.7919,36.8299],[140.7705,36.8199],[140.7468,36.7807],[140.7312,36.7423],[140.7292,36.7232],[140.7169,36.6927],[140.7164,36.6624],[140.6941,36.6441],[140.6891,36.6216],[140.6666,36.5947],[140.6447,36.5511],[140.6275,36.5],[140.612,36.4779],[140.6092,36.4439],[140.627,36.4414],[140.6269,36.4312],[140.608,36.4306],[140.6145,36.3904],[140.6268,36.3813],[140.6218,36.3623],[140.5969,36.3417],[140.5939,36.3201],[140.5875,36.3124],[140.5686,36.3084],[140.5596,36.2917],[140.5605,36.2465],[140.572,36.1846],[140.5862,36.1428],[140.61,36.0865],[140.6572,35.9959],[140.6736,35.9689],[140.681,35.9709],[140.7011,35.9377],[140.6742,35.9199],[140.6773,35.912],[140.7001,35.9257],[140.7091,35.9199],[140.7417,35.8745],[140.7441,35.8652],[140.775,35.8233],[140.8318,35.7532],[140.8519,35.7439],[140.869,35.736],[140.8709,35.7183],[140.8635,35.7031],[140.8417,35.7033],[140.8308,35.7135],[140.811,35.7123],[140.737,35.6916],[140.7202,35.7005],[140.6858,35.6982],[140.6554,35.6882],[140.6251,35.6724],[140.5597,35.6278],[140.5255,35.6025],[140.4968,35.5779],[140.4585,35.5351],[140.4303,35.4983],[140.4113,35.4615],[140.3975,35.4199],[140.3916,35.377],[140.395,35.3365],[140.4148,35.3069],[140.4011,35.2749],[140.4008,35.2557],[140.4059,35.2405],[140.393,35.211],[140.3933,35.203],[140.3775,35.181],[140.3514,35.1814],[140.334,35.1649],[140.3262,35.1401],[140.2989,35.1509],[140.2834,35.1334],[140.249,35.1344],[140.2462,35.1259],[140.2019,35.1097],[140.1685,35.1235],[140.1505,35.1167],[140.1362,35.1215],[140.1104,35.1077],[140.1007,35.0898],[140.1019,35.0772],[140.0796,35.0682],[140.074,35.0563],[140.056,35.0581],[140.0381,35.0514],[140.0172,35.0359],[140,35.02746862745098],[140,35]],[[141.467,38.2684],[141.4868,38.2711],[141.502,38.2464],[141.4801,38.2504],[141.467,38.2684]],[[141.548,38.3027],[141.5685,38.3096],[141.5899,38.3024],[141.5806,38.2877],[141.5864,38.2781],[141.5744,38.2693],[141.5543,38.2861],[141.548,38.3027]],[[141.6028,38.8727],[141.6272,38.8837],[141.6333,38.8664],[141.6245,38.8637],[141.6379,38.841],[141.6252,38.8307],[141.6077,38.8548],[141.6028,38.8727]]],[[[140,35.47564571428571],[140.0065,35.4791],[140.0614,35.5437],[140.0723,35.55],[140.0981,35.5549],[140.0862,35.5693],[140.0817,35.5883],[140.1032,35.5865],[140.0986,35.6014],[140.0839,35.5967],[140.0137,35.6575],[140.002,35.6657],[140,35.665475],[140,35.47564571428571]]],[[[140,39.35018735632184],[140.0142,39.3843],[140.0256,39.4199],[140.0453,39.5032],[140.0586,39.5865],[140.0632,39.6699],[140.0571,39.731],[140.0464,39.7499],[140.0496,39.7738],[140.0342,39.8049],[140.0151,39.8365],[140,39.853415300546445],[140,39.35018735632184]]]]}},{"type":"Feature","properties":{},"geometry":{"type":"MultiPolygon","coordinates":[[[[140,40.207567741935485],[140.003,40.2121],[140.0035,40.2229],[140.0156,40.2656],[140.0255,40.3251],[140.024,40.3556],[140.0109,40.3752],[140,40.379901960784316],[140,40.207567741935485]]],[[[140,40.73970377358491],[140.0046,40.744],[140.0251,40.7505],[140.0522,40.7693],[140.0905,40.7567],[140.0935,40.7492],[140.1218,40.7426],[140.1447,40.7525],[140.1682,40.7695],[140.1947,40.7841],[140.2201,40.7796],[140.232,40.7845],[140.251,40.802],[140.2725,40.8365],[140.2826,40.8587],[140.3022,40.9174],[140.3187,41.0004],[140.3235,41.0458],[140.3219,41.0865],[140.3061,41.1071],[140.286,41.1215],[140.2495,41.1243],[140.2505,41.1341],[140.2777,41.1398],[140.3006,41.131],[140.3113,41.1365],[140.3264,41.156],[140.3358,41.1917],[140.3295,41.2213],[140.3333,41.2391],[140.3424,41.2497],[140.3395,41.2605],[140.3736,41.2483],[140.3965,41.2351],[140.4034,41.2224],[140.4246,41.2094],[140.4307,41.198],[140.465,41.1827],[140.4968,41.1893],[140.5498,41.2291],[140.603,41.2155],[140.6161,41.1996],[140.631,41.1925],[140.6429,41.1699],[140.6341,41.1333],[140.6325,41.1037],[140.6352,41.0772],[140.6456,41.0481],[140.647,41.0299],[140.6608,40.9489],[140.677,40.8916],[140.6867,40.8691],[140.6975,40.8565],[140.7359,40.8308],[140.7754,40.8326],[140.7953,40.8365],[140.8201,40.8539],[140.8345,40.8715],[140.8476,40.8753],[140.859,40.8877],[140.87,40.9139],[140.8674,40.9399],[140.8396,40.9537],[140.8614,40.9575],[140.8605,40.9719],[140.8879,41.0107],[140.9045,41.0077],[140.9171,40.9957],[140.948,40.9933],[140.9609,40.9752],[140.9837,40.9609],[140.9746,40.934],[140.9985,40.9369],[141.0208,40.9305],[141.0419,40.9155],[141.0643,40.9141],[141.0844,40.8867],[141.1053,40.8729],[141.1287,40.8723],[141.1631,40.8903],[141.199,40.931],[141.2213,40.9719],[141.2327,41.0032],[141.242,41.0489],[141.2421,41.0806],[141.2468,41.1055],[141.2596,41.1265],[141.2722,41.1353],[141.2785,41.1551],[141.2673,41.1924],[141.2468,41.2262],[141.223,41.2532],[141.1878,41.2778],[141.1582,41.2772],[141.1343,41.2407],[141.1442,41.2352],[141.1154,41.2149],[141.1025,41.2143],[141.0735,41.2001],[141.0563,41.1834],[141.0348,41.1855],[141.0171,41.1953],[140.9817,41.1998],[140.9706,41.1955],[140.9463,41.1746],[140.9114,41.1753],[140.8927,41.1642],[140.8718,41.1663],[140.8523,41.1603],[140.8264,41.1464],[140.8123,41.1285],[140.785,41.1318],[140.7667,41.1458],[140.7691,41.1707],[140.7646,41.1935],[140.7785,41.2077],[140.7852,41.2331],[140.7837,41.2547],[140.7949,41.2788],[140.8065,41.3147],[140.7998,41.3231],[140.8192,41.3439],[140.8277,41.3854],[140.839,41.4205],[140.8499,41.4241],[140.8665,41.4462],[140.8799,41.455],[140.897,41.476],[140.9095,41.5032],[140.8986,41.5235],[140.9128,41.547],[140.924,41.5361],[140.9616,41.5151],[140.9723,41.5009],[141.0032,41.4862],[141.0682,41.4825],[141.095,41.4679],[141.1131,41.4636],[141.1218,41.4487],[141.1447,41.4323],[141.1546,41.4199],[141.1742,41.4079],[141.1931,41.3877],[141.2099,41.3776],[141.2465,41.3622],[141.2976,41.3513],[141.329,41.3552],[141.3979,41.3809],[141.4347,41.4074],[141.4614,41.4317],[141.469,41.4195],[141.459,41.3791],[141.4479,41.3683],[141.436,41.3365],[141.4096,41.2532],[141.3904,41.1699],[141.3934,41.1039],[141.3989,41.1011],[141.3921,41.0758],[141.3858,41.0032],[141.3874,40.9423],[141.3912,40.9295],[141.3936,40.8872],[141.4007,40.8365],[141.4158,40.7532],[141.4308,40.6883],[141.4375,40.6777],[141.4479,40.6421],[141.4733,40.5849],[141.5005,40.5574],[141.5018,40.5471],[141.5276,40.5293],[141.5523,40.5295],[141.5647,40.5429],[141.5827,40.5383],[141.5848,40.5272],[141.6112,40.5123],[141.6315,40.4948],[141.6489,40.4717],[141.6831,40.4509],[141.7034,40.4256],[141.7222,40.4091],[141.7287,40.3911],[141.7542,40.3693],[141.7549,40.3565],[141.765,40.3471],[141.775,40.3235],[141.8167,40.2707],[141.8341,40.2205],[141.82,40.2216],[141.8008,40.2075],[141.8052,40.1837],[141.834,40.1787],[141.8604,40.1645],[141.8764,40.1445],[141.8718,40.1355],[141.8431,40.1309],[141.8312,40.1161],[141.827,40.1008],[141.8342,40.0746],[141.8515,40.0561],[141.8757,40.0495],[141.9006,40.0175],[141.9097,40.0107],[141.9319,40.0106],[141.9404709570957,40],[145,40],[145,42.995121863799284],[144.9962,42.9944],[144.9744,42.9822],[144.9619,42.9812],[144.9282,42.9908],[144.8845,42.9854],[144.8561,43.0019],[144.8416,43.0165],[144.8358,43.0323],[144.8542,43.0497],[144.8221,43.0596],[144.7819,43.0542],[144.7468,43.0245],[144.7283,42.9973],[144.7227,42.9801],[144.7486,42.9564],[144.7854,42.939],[144.7747,42.9336],[144.7463,42.9342],[144.6761,42.9397],[144.661,42.9465],[144.6322,42.9515],[144.5534,42.9481],[144.5299,42.9519],[144.4865,42.9402],[144.4515,42.9445],[144.3975,42.9616],[144.3867,42.97],[144.3712,42.969],[144.3718,42.9867],[144.3596,42.9997],[144.3413,42.9946],[144.3142,43.0057],[144.2701,43.0032],[144.2197,42.9967],[144.1689,42.9847],[144.1218,42.9676],[144.0915,42.9532],[144.0824,42.9537],[144.049,42.9416],[143.9968,42.9164],[143.9196,42.8748],[143.8606,42.8365],[143.7638,42.7639],[143.7465,42.7532],[143.6318,42.6699],[143.5977,42.6415],[143.5251,42.5739],[143.4328,42.4757],[143.3891,42.4158],[143.3617,42.3736],[143.3227,42.3043],[143.3223,42.2857],[143.3103,42.2615],[143.3084,42.2457],[143.3204,42.2251],[143.3211,42.2099],[143.3357,42.2027],[143.3345,42.1797],[143.3233,42.1571],[143.317,42.1218],[143.3232,42.1177],[143.3089,42.0811],[143.3106,42.0483],[143.2948,42.0435],[143.2908,42.0305],[143.2754,42.0224],[143.2596,42.0032],[143.2468,41.9725],[143.242,41.9264],[143.2161,41.9518],[143.1978,41.9578],[143.1643,41.9831],[143.1602,41.9985],[143.1364,42.0266],[143.097,42.0498],[143.0339,42.0761],[143.0113,42.0814],[142.99,42.0998],[142.9803,42.1021],[142.9649,42.1192],[142.9106,42.1326],[142.8705,42.1345],[142.8507,42.1399],[142.8178,42.1415],[142.7735,42.1619],[142.7621,42.1747],[142.736,42.1775],[142.7226,42.1854],[142.6734,42.1919],[142.636,42.2189],[142.617,42.2259],[142.5856,42.2435],[142.5408,42.2532],[142.5093,42.2672],[142.4968,42.2662],[142.478,42.2746],[142.4465,42.3041],[142.4081,42.3095],[142.3718,42.3249],[142.3591,42.3365],[142.3349,42.3455],[142.2778,42.3772],[142.2452,42.407],[142.2072,42.4324],[142.1958,42.4474],[142.1535,42.4638],[142.1218,42.4689],[142.0758,42.4724],[142.0714,42.4783],[142.0293,42.4846],[142.009,42.5055],[141.9859,42.5141],[141.9352,42.5525],[141.9195,42.5573],[141.8996,42.5779],[141.8718,42.5903],[141.8108,42.6112],[141.7468,42.6229],[141.6729,42.6309],[141.6248,42.6311],[141.5373,42.6149],[141.4968,42.604],[141.4186,42.5751],[141.3508,42.543],[141.282,42.5032],[141.208,42.4554],[141.1898,42.4532],[141.1666,42.4404],[141.1593,42.4423],[141.0929,42.3965],[141.053,42.3581],[141.0186,42.3281],[140.9968,42.3017],[140.9651,42.3155],[140.9432,42.321],[140.931,42.3365],[140.9512,42.3481],[140.9614,42.3365],[140.9847,42.3275],[140.977,42.3494],[140.9808,42.3579],[140.9543,42.3608],[140.9173,42.3722],[140.9085,42.3802],[140.9001,42.4199],[140.8718,42.4609],[140.8389,42.4707],[140.8019,42.4994],[140.7824,42.5033],[140.7722,42.5224],[140.777,42.5331],[140.7565,42.5537],[140.7244,42.5742],[140.7122,42.5746],[140.7009,42.5865],[140.6427,42.5865],[140.5836,42.5676],[140.5684,42.5711],[140.5349,42.589],[140.5104,42.5849],[140.4769,42.5891],[140.4596,42.5811],[140.4116,42.5435],[140.3718,42.5027],[140.349,42.4732],[140.3157,42.4199],[140.2932,42.3717],[140.2813,42.3365],[140.2765,42.3112],[140.2765,42.2818],[140.2869,42.2532],[140.307,42.2389],[140.3405,42.2275],[140.3836,42.2241],[140.4084,42.204],[140.4417,42.182],[140.457,42.1775],[140.4631,42.1671],[140.4968,42.149],[140.516,42.1293],[140.5459,42.1154],[140.5792,42.1089],[140.6218,42.1173],[140.6597,42.1294],[140.6904,42.127],[140.7069,42.1391],[140.7371,42.1237],[140.7603,42.1171],[140.7739,42.0865],[140.8033,42.0737],[140.8039,42.0574],[140.8208,42.0363],[140.8494,42.0171],[140.8789,42.0059],[140.9081,41.9846],[140.914,41.9712],[140.9329,41.9527],[140.9337,41.944],[140.9496,41.9342],[140.9588,41.918],[141.0118,41.8943],[141.0437,41.8941],[141.1094,41.8746],[141.1173,41.8664],[141.1482,41.8554],[141.1471,41.8322],[141.1843,41.8167],[141.1864,41.8025],[141.1579,41.7858],[141.1125,41.7869],[141.0834,41.7604],[141.0747,41.7427],[141.0552,41.7361],[141.0485,41.7263],[141.0308,41.7195],[141.0164,41.7229],[140.9678,41.7109],[140.9513,41.7174],[140.9307,41.7375],[140.8569,41.7605],[140.8374,41.7601],[140.7981,41.7725],[140.7747,41.7753],[140.7337,41.7673],[140.7179,41.7457],[140.7019,41.7414],[140.6929,41.7637],[140.7026,41.7763],[140.7242,41.7721],[140.7275,41.7889],[140.7172,41.8067],[140.69,41.8205],[140.6643,41.823],[140.6411,41.8175],[140.6263,41.8091],[140.6134,41.7711],[140.6049,41.7633],[140.6021,41.7432],[140.5824,41.7382],[140.5365,41.7111],[140.5269,41.701],[140.4968,41.7009],[140.4583,41.6964],[140.445,41.6855],[140.4368,41.6699],[140.4323,41.6375],[140.4293,41.5865],[140.4313,41.5627],[140.4391,41.5547],[140.4296,41.5359],[140.4059,41.5198],[140.3646,41.516],[140.3384,41.5079],[140.3096,41.4942],[140.2593,41.4817],[140.2357,41.441],[140.2246,41.4307],[140.2163,41.4113],[140.1995,41.3986],[140.1845,41.4024],[140.1678,41.4167],[140.1453,41.4291],[140.1307,41.431],[140.0771,41.4246],[140.0285,41.4624],[140.0295,41.4707],[140.0161,41.4898],[140.0172,41.4986],[140,41.5347705882353],[140,40.73970377358491]]],[[[140,41.64777],[140.009,41.6916],[140.0251,41.7081],[140.062,41.7532],[140.0725,41.7735],[140.0756,41.8081],[140.1126,41.8083],[140.1218,41.8218],[140.1265,41.8559],[140.1405,41.9223],[140.1275,41.9666],[140.1277,41.9801],[140.1198,42.0043],[140.1055,42.007],[140.0999,42.029],[140.0743,42.0549],[140.0539,42.0865],[140.026,42.1133],[140,42.12462960893855],[140,41.64777]]],[[[140,42.68844893617021],[140.003,42.6873],[140.046,42.6947],[140.0649,42.707],[140.0715,42.7262],[140.0943,42.7367],[140.142,42.7532],[140.1475,42.7707],[140.1865,42.8257],[140.2049,42.8104],[140.2258,42.8052],[140.2376,42.7939],[140.2468,42.7688],[140.2809,42.7701],[140.3055,42.7787],[140.3094,42.7987],[140.3057,42.8288],[140.344,42.8562],[140.3769,42.8961],[140.3915,42.9199],[140.4154,42.941],[140.5224,42.9917],[140.5284,43.0032],[140.529,43.0288],[140.512,43.0342],[140.4868,43.0755],[140.4646,43.0865],[140.4596,43.1055],[140.4501,43.1097],[140.4437,43.126],[140.4037,43.1579],[140.3607,43.1807],[140.326,43.2217],[140.3333,43.2445],[140.3319,43.2609],[140.3408,43.2661],[140.36,43.3157],[140.3518,43.3329],[140.3792,43.3305],[140.4062,43.3361],[140.4248,43.3297],[140.4604,43.346],[140.4662,43.374],[140.4809,43.3765],[140.5068,43.3683],[140.5144,43.3576],[140.5316,43.3494],[140.5805,43.3113],[140.6069,43.2967],[140.6304,43.2956],[140.6411,43.267],[140.6961,43.2515],[140.7184,43.2505],[140.7355,43.2374],[140.7587,43.2271],[140.777,43.2258],[140.7763,43.2041],[140.7921,43.1954],[140.8149,43.1947],[140.8487,43.1993],[140.8953,43.2117],[140.914,43.2117],[140.9271,43.2279],[140.95,43.2282],[140.9825,43.2399],[141.0167,43.2396],[141.0151,43.2142],[141.0025,43.2075],[141.0105,43.1948],[141.0307,43.183],[141.0541,43.1805],[141.1007,43.1681],[141.1275,43.1553],[141.1617,43.1449],[141.1818,43.1502],[141.2328,43.1699],[141.2748,43.1905],[141.291,43.206],[141.3017,43.2086],[141.3531,43.2532],[141.4069,43.3085],[141.4239,43.3289],[141.4288,43.36],[141.4261,43.3739],[141.4317,43.3895],[141.4286,43.4199],[141.3978,43.4689],[141.3731,43.495],[141.3586,43.5195],[141.3622,43.5404],[141.3756,43.5578],[141.3862,43.5865],[141.3835,43.6048],[141.3653,43.6193],[141.3515,43.6449],[141.3493,43.6699],[141.3388,43.6873],[141.3299,43.7253],[141.371,43.7789],[141.3719,43.7913],[141.3879,43.8072],[141.4104,43.8147],[141.4574,43.8365],[141.476,43.8345],[141.4968,43.8388],[141.509,43.8549],[141.5215,43.8599],[141.5434,43.8548],[141.562,43.8601],[141.6001,43.8885],[141.6084,43.9039],[141.6315,43.9299],[141.6327,43.9525],[141.643,43.9565],[141.6465,43.9786],[141.6619,44.0172],[141.662,44.0865],[141.654,44.1559],[141.658,44.1583],[141.6578,44.2395],[141.6494,44.2911],[141.6486,44.315],[141.6745,44.3273],[141.6947,44.3691],[141.7073,44.3783],[141.7102,44.3923],[141.7385,44.4199],[141.7572,44.4575],[141.7644,44.5032],[141.7641,44.5342],[141.7679,44.5547],[141.7799,44.5663],[141.7874,44.5865],[141.7925,44.6437],[141.7915,44.6699],[141.7783,44.7532],[141.7552,44.8365],[141.7234,44.9199],[141.68224417767107,45],[140,45],[140,42.68844893617021]],[[141.293,44.4199],[141.3274,44.4435],[141.3359,44.4319],[141.3208,44.417],[141.2948,44.4138],[141.293,44.4199]],[[141.3868,44.4313],[141.3967,44.4425],[141.4259,44.4474],[141.4241,44.4289],[141.3868,44.4313]]],[[[142.53919322709163,45],[142.5445,44.988],[142.5636,44.9783],[142.5803,44.9626],[142.5888,44.9199],[142.6218,44.8917],[142.6306,44.89],[142.66,44.8417],[142.6804,44.8311],[142.7017,44.8083],[142.7017,44.7998],[142.7193,44.7861],[142.7313,44.7689],[142.7732,44.7388],[142.8008,44.7133],[142.8321,44.6923],[142.8609,44.6769],[142.8718,44.663],[142.8921,44.6537],[142.914,44.6335],[142.9326,44.6251],[142.9324,44.6164],[142.9539,44.6001],[142.9761,44.5737],[142.9968,44.5579],[143.063,44.5216],[143.0925,44.5032],[143.1656,44.4662],[143.22,44.4403],[143.2398,44.4199],[143.3338,44.3759],[143.3489,44.3715],[143.3628,44.3556],[143.3624,44.3422],[143.3718,44.3333],[143.4169,44.3088],[143.4968,44.2762],[143.5597,44.2533],[143.6522,44.2222],[143.7853,44.1811],[143.9004,44.154],[143.9968,44.1356],[144.077,44.1247],[144.1001,44.1273],[144.129,44.1154],[144.1827,44.1061],[144.2143,44.1031],[144.2356,44.1076],[144.2529,44.1045],[144.2578,44.0865],[144.2525,44.0625],[144.2618,44.0581],[144.2558,44.0406],[144.2737,44.0246],[144.3,43.9931],[144.2985,43.9843],[144.3192,43.9729],[144.3639,43.9567],[144.407,43.9451],[144.4968,43.9289],[144.5837,43.9199],[144.6218,43.9179],[144.7109,43.9199],[144.7953,43.932],[144.8062,43.9428],[144.8354,43.9523],[144.8498,43.9746],[144.8782,43.9845],[144.9087,44.0041],[144.9227,44.0177],[144.9366,44.0439],[144.9933,44.0698],[145,44.076230459770116],[145,45],[142.53919322709163,45]]]]}},{"type":"Feature","properties":{},"geometry":{"type":"Polygon","coordinates":[[[140,45],[141.68224417767107,45],[141.6806,45.0032],[141.6641,45.0323],[141.5852,45.1605],[141.5791,45.1769],[141.5696,45.1993],[141.5716,45.2354],[141.6123,45.2775],[141.6206,45.2965],[141.6175,45.3085],[141.6457,45.3365],[141.658,45.3682],[141.6379,45.3919],[141.6354,45.4204],[141.6457,45.4507],[141.6657,45.4371],[141.6802,45.4181],[141.6796,45.4102],[141.7296,45.399],[141.7564,45.4085],[141.796,45.4077],[141.8323,45.4199],[141.8577,45.4348],[141.8792,45.4623],[141.8745,45.4749],[141.8798,45.4956],[141.8978,45.5119],[141.9131,45.5185],[141.9432,45.5225],[141.9603,45.5128],[141.9728,45.4814],[141.9968,45.4621],[142.0173,45.4554],[142.0253,45.4373],[142.0356,45.4314],[142.0357,45.4181],[142.0637,45.3947],[142.0971,45.3794],[142.1696,45.3411],[142.2637,45.2467],[142.389,45.1375],[142.4757,45.0681],[142.4998,45.0544],[142.5086,45.041],[142.5324,45.0259],[142.5334,45.0131],[142.53919322709163,45],[145,45],[145,50],[140,50],[140,45]],[[140.9835,45.3843],[140.994,45.4275],[141.0236,45.4358],[141.0517,45.4494],[141.0677,45.424],[141.0569,45.4075],[141.0599,45.3549],[141.0503,45.3421],[141.0572,45.3183],[141.0457,45.3002],[141.0466,45.2807],[141.0317,45.2746],[141.0236,45.3101],[141.0067,45.3252],[140.9968,45.36],[140.9835,45.3843]],[[141.1335,45.2135],[141.1497,45.2255],[141.1796,45.2504],[141.1989,45.2602],[141.2156,45.2532],[141.2351,45.2347],[141.2524,45.2363],[141.2946,45.2217],[141.3181,45.1985],[141.3249,45.1845],[141.3305,45.152],[141.295,45.1254],[141.2878,45.1119],[141.2757,45.1117],[141.2395,45.0986],[141.2062,45.1142],[141.1949,45.1245],[141.168,45.1373],[141.1418,45.1634],[141.1366,45.1789],[141.1431,45.1949],[141.1335,45.2135]]]}},{"type":"Feature","properties":{},"geometry":{"type":"Polygon","coordinates":[[[140,50],[145,50],[145,55],[140,55],[140,50]]]}},{"type":"Feature","properties":{},"geometry":{"type":"Polygon","coordinates":[[[140,55],[145,55],[145,60],[140,60],[140,55]]]}},{"type":"Feature","properties":{},"geometry":{"type":"Polygon","coordinates":[[[145,5],[150,5],[150,10],[145,10],[145,5]]]}},{"type":"Feature","properties":{},"geometry":{"type":"Polygon","coordinates":[[[145,10],[150,10],[150,15],[145,15],[145,10]]]}},{"type":"Feature","properties":{},"geometry":{"type":"Polygon","coordinates":[[[145,15],[150,15],[150,20],[145,20],[145,15]]]}},{"type":"Feature","properties":{},"geometry":{"type":"Polygon","coordinates":[[[145,20],[150,20],[150,25],[145,25],[145,20]]]}},{"type":"Feature","properties":{},"geometry":{"type":"Polygon","coordinates":[[[145,25],[150,25],[150,30],[145,30],[145,25]]]}},{"type":"Feature","properties":{},"geometry":{"type":"Polygon","coordinates":[[[145,30],[150,30],[150,35],[145,35],[145,30]]]}},{"type":"Feature","properties":{},"geometry":{"type":"Polygon","coordinates":[[[145,35],[150,35],[150,40],[145,40],[145,35]]]}},{"type":"Feature","properties":{},"geometry":{"type":"Polygon","coordinates":[[[145,40],[150,40],[150,45],[147.97121851851853,45],[147.9625,44.9978],[147.9237,44.9781],[147.9076,44.9613],[147.8526,44.9657],[147.8009,44.9495],[147.7852,44.9483],[147.7468,44.9655],[147.7298,44.9804],[147.7279947368421,45],[147.6736108108108,45],[147.6461,44.9884],[147.6259,44.9718],[147.6139,44.9403],[147.6529,44.9199],[147.6342,44.908],[147.6023,44.8677],[147.5985,44.8547],[147.5524,44.817],[147.5156,44.8119],[147.4991,44.801],[147.4889,44.782],[147.4657,44.7805],[147.4409,44.7729],[147.3875,44.7464],[147.37,44.7234],[147.3365,44.7155],[147.31,44.6844],[147.3015,44.6699],[147.2871,44.6623],[147.2672,44.6387],[147.2608,44.6144],[147.2216,44.5817],[147.203,44.5697],[147.1906,44.5699],[147.1446,44.5592],[147.1061,44.5695],[147.0812,44.5597],[147.0479,44.5361],[147.0297,44.5191],[146.9968,44.4725],[146.9888,44.4518],[146.9714,44.4351],[146.9527,44.4265],[146.9144,44.4307],[146.8718,44.4413],[146.861,44.4544],[146.861,44.4667],[146.8718,44.4815],[146.8723,44.4955],[146.8915,44.518],[146.9256,44.5261],[146.9547,44.5536],[146.9334,44.5885],[146.9342,44.6102],[146.9546,44.62],[146.9652,44.5935],[146.985,44.5784],[146.9968,44.5787],[147.0259,44.5991],[147.0334,44.6382],[147.0039,44.6555],[147.0282,44.6628],[147.0609,44.6563],[147.0789,44.638],[147.0951,44.6389],[147.1255,44.6495],[147.1629,44.6805],[147.1817,44.6894],[147.1917,44.707],[147.2004,44.7392],[147.1933,44.7648],[147.1424,44.7689],[147.1166,44.7793],[147.1014,44.8129],[147.1109,44.8239],[147.1308,44.8304],[147.1704,44.8191],[147.2027,44.7979],[147.2468,44.8127],[147.2671,44.8681],[147.3268,44.8915],[147.3306,44.8891],[147.3762,44.9089],[147.3978,44.9211],[147.4486,44.9633],[147.4573,44.973],[147.4853,44.99],[147.5028,44.9894],[147.518,44.9986],[147.51779823529412,45],[145,45],[145,44.076230459770116],[145.0107,44.0865],[145.0105,44.0961],[145.0399,44.108],[145.0639,44.1247],[145.1101,44.151],[145.161,44.1829],[145.192,44.1956],[145.2071,44.2129],[145.2402,44.26],[145.2585,44.2703],[145.2809,44.2901],[145.2876,44.3034],[145.3043,44.3113],[145.3167,44.3355],[145.3331,44.3459],[145.3458,44.3393],[145.3428,44.3261],[145.3498,44.2962],[145.3668,44.2592],[145.3492,44.2439],[145.3488,44.2245],[145.3077,44.1699],[145.2883,44.1531],[145.2651,44.1391],[145.2416,44.0915],[145.2458,44.0693],[145.2234,44.0386],[145.204,44.0277],[145.1791,44.0016],[145.1573,43.9843],[145.1309,43.9511],[145.1197,43.9249],[145.0954,43.8926],[145.0997,43.8615],[145.0842,43.8218],[145.0623,43.8075],[145.0605,43.7875],[145.0684,43.7532],[145.0927,43.7275],[145.1218,43.6861],[145.1374,43.6533],[145.1465,43.6465],[145.2468,43.6156],[145.2939,43.6066],[145.3259,43.597],[145.3415,43.5865],[145.3504,43.5666],[145.3303,43.5518],[145.2909,43.552],[145.2935,43.5605],[145.3157,43.5674],[145.3279,43.5639],[145.3092,43.6001],[145.2803,43.5921],[145.2566,43.5983],[145.2666,43.6101],[145.2316,43.6151],[145.2262,43.6203],[145.1968,43.6251],[145.2022,43.6105],[145.1966,43.6005],[145.2208,43.5865],[145.2151,43.5778],[145.2225,43.5604],[145.2468,43.522],[145.249,43.4947],[145.2584,43.4689],[145.2636,43.4417],[145.2753,43.4097],[145.3086,43.3597],[145.3353,43.3353],[145.3893,43.2984],[145.4675,43.2759],[145.4862,43.2725],[145.5046,43.279],[145.5234,43.3069],[145.5505,43.3172],[145.5872,43.3411],[145.5981,43.3557],[145.6236,43.3638],[145.6378,43.3731],[145.6507,43.3914],[145.6684,43.3925],[145.6965,43.3847],[145.7214,43.3839],[145.7507,43.3943],[145.7852,43.3871],[145.8074,43.3887],[145.8038,43.3637],[145.791,43.3619],[145.7732,43.3474],[145.7502,43.3373],[145.7085,43.3359],[145.6774,43.3204],[145.6465,43.3223],[145.6114,43.3113],[145.6097,43.2983],[145.5899,43.2783],[145.5668,43.2815],[145.5496,43.2279],[145.5489,43.2144],[145.5288,43.2047],[145.5298,43.188],[145.5123,43.1902],[145.5041,43.1736],[145.4869,43.1873],[145.4702,43.1894],[145.4061,43.1862],[145.3431,43.1795],[145.319,43.1683],[145.298,43.1733],[145.2468,43.1584],[145.2264,43.1432],[145.203,43.1367],[145.185,43.1403],[145.1715,43.151],[145.1466,43.1453],[145.1151,43.1233],[145.1103,43.1036],[145.1182,43.0813],[145.0996,43.0778],[145.0887,43.0672],[145.0877,43.0468],[145.0625,43.0408],[145.0512,43.0314],[145.0318,43.0297],[145.0241,42.9997],[145,42.995121863799284],[145,40]],[[145.1272,43.0683],[145.1273,43.0829],[145.1638,43.0845],[145.1514,43.0709],[145.1272,43.0683]],[[145.3995,43.8291],[145.4069,43.8421],[145.4384,43.8499],[145.4657,43.8909],[145.4841,43.9043],[145.5348,43.9235],[145.5346,43.9287],[145.561,43.9453],[145.5901,43.9532],[145.5977,43.9727],[145.6461,43.9936],[145.655,44.0047],[145.6743,44.0116],[145.6814,44.0265],[145.7169,44.0386],[145.7429,44.0537],[145.7473,44.0647],[145.7437,44.1038],[145.7526,44.1089],[145.7904,44.1507],[145.832,44.1784],[145.8542,44.202],[145.8615,44.2218],[145.8845,44.2463],[145.9358,44.2788],[145.9442,44.2791],[145.9924,44.3247],[146.0007,44.3365],[146.011,44.3715],[146.0073,44.3817],[146.0528,44.4199],[146.0697,44.4468],[146.0803,44.4723],[146.129,44.5091],[146.1583,44.5127],[146.1863,44.5069],[146.196,44.4945],[146.226,44.4831],[146.25,44.4467],[146.2742,44.4449],[146.2809,44.4351],[146.3149,44.4293],[146.3332,44.4189],[146.3718,44.4195],[146.4057,44.4229],[146.4619,44.4202],[146.5294,44.4319],[146.5537,44.4302],[146.5471,44.4087],[146.5366,44.3952],[146.5348,44.3804],[146.5178,44.3677],[146.5016,44.3656],[146.4908,44.3545],[146.4506,44.3783],[146.4345,44.3767],[146.3811,44.3527],[146.3684,44.3365],[146.3678,44.3193],[146.3469,44.3181],[146.342,44.3087],[146.3063,44.2899],[146.2995,44.2778],[146.2468,44.2709],[146.2106,44.2728],[146.1826,44.2693],[146.1687,44.2723],[146.1467,44.2653],[146.1156,44.2652],[146.0693,44.2347],[146.0531,44.2129],[146.0449,44.1909],[146.0237,44.1771],[145.9891,44.1728],[145.966,44.1534],[145.9478,44.1538],[145.9095,44.1239],[145.8995,44.105],[145.8718,44.0707],[145.8551,44.0306],[145.8278,44.0294],[145.8114,44.0139],[145.805,43.9975],[145.7908,43.9791],[145.7902,43.9489],[145.7797,43.9361],[145.7184,43.9124],[145.6648,43.9109],[145.6411,43.9036],[145.6259,43.8842],[145.6056,43.8689],[145.5933,43.8707],[145.5771,43.8455],[145.5714,43.8056],[145.5733,43.7774],[145.5609,43.719],[145.5532,43.6673],[145.5362,43.6759],[145.5498,43.7249],[145.5258,43.7353],[145.4968,43.7337],[145.4471,43.725],[145.4349,43.7189],[145.4243,43.733],[145.4188,43.7532],[145.4269,43.7741],[145.4111,43.8191],[145.3995,43.8291]],[[145.8947,43.4307],[145.9004,43.4487],[145.9342,43.4473],[145.9308,43.4229],[145.9086,43.4259],[145.8982,43.4169],[145.8947,43.4307]],[[146.0258,43.409],[146.0446,43.4311],[146.0867,43.4279],[146.0838,43.4441],[146.0986,43.4496],[146.1071,43.433],[146.0899,43.4287],[146.0857,43.4199],[146.0564,43.4149],[146.0437,43.4027],[146.0258,43.409]],[[146.0739,43.5218],[146.0795,43.5331],[146.1218,43.5419],[146.1415,43.5491],[146.1577,43.5371],[146.1738,43.5338],[146.2082,43.5342],[146.186,43.5159],[146.1804,43.5027],[146.1909,43.4909],[146.1769,43.4793],[146.1496,43.4725],[146.1164,43.4587],[146.1188,43.4701],[146.1067,43.4915],[146.0881,43.5032],[146.0739,43.5218]],[[146.2974,43.6311],[146.3158,43.6512],[146.3329,43.6402],[146.3508,43.6407],[146.3577,43.6187],[146.3084,43.621],[146.2974,43.6311]],[[146.585,43.8021],[146.6098,43.8175],[146.6218,43.8173],[146.6663,43.8293],[146.6811,43.8267],[146.7222,43.8333],[146.7266,43.8473],[146.7484,43.8577],[146.7738,43.8759],[146.7944,43.8802],[146.8058,43.872],[146.8217,43.8751],[146.821,43.8871],[146.845,43.8898],[146.8749,43.8679],[146.8947,43.8484],[146.9212,43.8386],[146.9071,43.8249],[146.8992,43.8067],[146.8821,43.815],[146.8599,43.8069],[146.8439,43.81],[146.8269,43.8009],[146.808,43.7812],[146.7886,43.7809],[146.7922,43.7641],[146.7772,43.7645],[146.7607,43.7498],[146.7367,43.7487],[146.7269,43.7347],[146.7064,43.745],[146.6912,43.7431],[146.6818,43.7308],[146.6873,43.7229],[146.6762,43.7082],[146.6455,43.7027],[146.6464,43.7138],[146.6128,43.7354],[146.5864,43.7443],[146.5912,43.7591],[146.6048,43.7645],[146.6072,43.7768],[146.5955,43.7837],[146.585,43.8021]]]}},{"type":"Feature","properties":{},"geometry":{"type":"MultiPolygon","coordinates":[[[[145,45],[147.51779823529412,45],[147.5131,45.0326],[147.5212,45.0416],[147.5324,45.0901],[147.5267,45.0998],[147.4995,45.1107],[147.5099,45.1173],[147.5371,45.1063],[147.5703,45.107],[147.5867,45.0857],[147.6255,45.0819],[147.6362,45.0765],[147.6902,45.0947],[147.699,45.1053],[147.6938,45.1435],[147.7053,45.151],[147.7062,45.1687],[147.7292,45.1763],[147.7396,45.1955],[147.7702,45.2009],[147.7816,45.2097],[147.8026,45.2097],[147.8272,45.2185],[147.8401,45.2083],[147.8531,45.2112],[147.8718,45.2257],[147.8695,45.2334],[147.8852,45.26],[147.8687,45.2639],[147.8734,45.2962],[147.8591,45.3177],[147.8512,45.3649],[147.8734,45.3985],[147.8905,45.4078],[147.8994,45.4213],[147.9252,45.4379],[147.9638,45.4182],[147.9668,45.3961],[147.9871,45.3521],[148.006,45.3346],[147.9975,45.325],[148.0076,45.3112],[148.0091,45.2923],[148.0196,45.2913],[148.0311,45.2723],[148.07,45.2609],[148.1194,45.2576],[148.1758,45.2601],[148.2667,45.2721],[148.3427,45.2912],[148.3427,45.2995],[148.3718,45.3163],[148.4092,45.3293],[148.4259,45.3482],[148.4442,45.3532],[148.4594,45.3765],[148.4766,45.3802],[148.4723,45.3978],[148.4876,45.4199],[148.5106,45.4309],[148.5191,45.4454],[148.551,45.458],[148.5691,45.4729],[148.5775,45.4883],[148.6111,45.4935],[148.6397,45.5083],[148.641,45.5233],[148.6536,45.5375],[148.6842,45.5384],[148.7226,45.5447],[148.7612,45.5547],[148.7852,45.5573],[148.8112,45.5535],[148.8557,45.5423],[148.8732,45.5324],[148.8954,45.5131],[148.8883,45.4843],[148.8718,45.4746],[148.8367,45.4624],[148.8283,45.4392],[148.8317,45.4277],[148.8553,45.4199],[148.8773,45.3929],[148.8739,45.3821],[148.8428,45.3523],[148.8482,45.3456],[148.8072,45.3351],[148.7813,45.3245],[148.7522,45.3365],[148.6944,45.3369],[148.6402,45.3349],[148.6117,45.3237],[148.5664,45.3107],[148.5349,45.2947],[148.5303,45.2875],[148.5012,45.2721],[148.4944,45.2561],[148.4788,45.262],[148.4589,45.2502],[148.4388,45.2525],[148.4058,45.2351],[148.3787,45.2264],[148.3287,45.2235],[148.3046,45.2165],[148.273,45.1971],[148.2468,45.1874],[148.2163,45.1699],[148.1964,45.1496],[148.1686,45.1469],[148.1353,45.1276],[148.0907,45.1065],[148.0684,45.0865],[148.0558,45.0681],[148.042,45.0652],[147.9946,45.024],[147.9839,45.0032],[147.97121851851853,45],[150,45],[150,50],[145,50],[145,45]]],[[[147.6736108108108,45],[147.7279947368421,45],[147.7277,45.0032],[147.7047,45.0061],[147.6812,45.0032],[147.6736108108108,45]]]]}},{"type":"Feature","properties":{},"geometry":{"type":"Polygon","coordinates":[[[145,50],[150,50],[150,55],[145,55],[145,50]]]}},{"type":"Feature","properties":{},"geometry":{"type":"Polygon","coordinates":[[[145,55],[150,55],[150,60],[145,60],[145,55]]]}},{"type":"Feature","properties":{},"geometry":{"type":"Polygon","coordinates":[[[150,5],[155,5],[155,10],[150,10],[150,5]]]}},{"type":"Feature","properties":{},"geometry":{"type":"Polygon","coordinates":[[[150,10],[155,10],[155,15],[150,15],[150,10]]]}},{"type":"Feature","properties":{},"geometry":{"type":"Polygon","coordinates":[[[150,15],[155,15],[155,20],[150,20],[150,15]]]}},{"type":"Feature","properties":{},"geometry":{"type":"Polygon","coordinates":[[[150,20],[155,20],[155,25],[150,25],[150,20]]]}},{"type":"Feature","properties":{},"geometry":{"type":"Polygon","coordinates":[[[150,25],[155,25],[155,30],[150,30],[150,25]]]}},{"type":"Feature","properties":{},"geometry":{"type":"Polygon","coordinates":[[[150,30],[155,30],[155,35],[150,35],[150,30]]]}},{"type":"Feature","properties":{},"geometry":{"type":"Polygon","coordinates":[[[150,35],[155,35],[155,40],[150,40],[150,35]]]}},{"type":"Feature","properties":{},"geometry":{"type":"Polygon","coordinates":[[[150,40],[155,40],[155,45],[150,45],[150,40]]]}},{"type":"Feature","properties":{},"geometry":{"type":"Polygon","coordinates":[[[150,45],[155,45],[155,50],[150,50],[150,45]]]}},{"type":"Feature","properties":{},"geometry":{"type":"Polygon","coordinates":[[[150,50],[155,50],[155,55],[150,55],[150,50]]]}},{"type":"Feature","properties":{},"geometry":{"type":"Polygon","coordinates":[[[150,55],[155,55],[155,60],[150,60],[150,55]]]}},{"type":"Feature","properties":{},"geometry":{"type":"Polygon","coordinates":[[[155,5],[160,5],[160,10],[155,10],[155,5]]]}},{"type":"Feature","properties":{},"geometry":{"type":"Polygon","coordinates":[[[155,10],[160,10],[160,15],[155,15],[155,10]]]}},{"type":"Feature","properties":{},"geometry":{"type":"Polygon","coordinates":[[[155,15],[160,15],[160,20],[155,20],[155,15]]]}},{"type":"Feature","properties":{},"geometry":{"type":"Polygon","coordinates":[[[155,20],[160,20],[160,25],[155,25],[155,20]]]}},{"type":"Feature","properties":{},"geometry":{"type":"Polygon","coordinates":[[[155,25],[160,25],[160,30],[155,30],[155,25]]]}},{"type":"Feature","properties":{},"geometry":{"type":"Polygon","coordinates":[[[155,30],[160,30],[160,35],[155,35],[155,30]]]}},{"type":"Feature","properties":{},"geometry":{"type":"Polygon","coordinates":[[[155,35],[160,35],[160,40],[155,40],[155,35]]]}},{"type":"Feature","properties":{},"geometry":{"type":"Polygon","coordinates":[[[155,40],[160,40],[160,45],[155,45],[155,40]]]}},{"type":"Feature","properties":{},"geometry":{"type":"Polygon","coordinates":[[[155,45],[160,45],[160,50],[155,50],[155,45]]]}},{"type":"Feature","properties":{},"geometry":{"type":"Polygon","coordinates":[[[155,50],[160,50],[160,55],[155,55],[155,50]]]}},{"type":"Feature","properties":{},"geometry":{"type":"Polygon","coordinates":[[[155,55],[160,55],[160,60],[155,60],[155,55]]]}},{"type":"Feature","properties":{},"geometry":{"type":"Polygon","coordinates":[[[160,5],[165,5],[165,10],[160,10],[160,5]]]}},{"type":"Feature","properties":{},"geometry":{"type":"Polygon","coordinates":[[[160,10],[165,10],[165,15],[160,15],[160,10]]]}},{"type":"Feature","properties":{},"geometry":{"type":"Polygon","coordinates":[[[160,15],[165,15],[165,20],[160,20],[160,15]]]}},{"type":"Feature","properties":{},"geometry":{"type":"Polygon","coordinates":[[[160,20],[165,20],[165,25],[160,25],[160,20]]]}},{"type":"Feature","properties":{},"geometry":{"type":"Polygon","coordinates":[[[160,25],[165,25],[165,30],[160,30],[160,25]]]}},{"type":"Feature","properties":{},"geometry":{"type":"Polygon","coordinates":[[[160,30],[165,30],[165,35],[160,35],[160,30]]]}},{"type":"Feature","properties":{},"geometry":{"type":"Polygon","coordinates":[[[160,35],[165,35],[165,40],[160,40],[160,35]]]}},{"type":"Feature","properties":{},"geometry":{"type":"Polygon","coordinates":[[[160,40],[165,40],[165,45],[160,45],[160,40]]]}},{"type":"Feature","properties":{},"geometry":{"type":"Polygon","coordinates":[[[160,45],[165,45],[165,50],[160,50],[160,45]]]}},{"type":"Feature","properties":{},"geometry":{"type":"Polygon","coordinates":[[[160,50],[165,50],[165,55],[160,55],[160,50]]]}},{"type":"Feature","properties":{},"geometry":{"type":"Polygon","coordinates":[[[160,55],[165,55],[165,60],[160,60],[160,55]]]}},{"type":"Feature","properties":{},"geometry":{"type":"Polygon","coordinates":[[[165,5],[170,5],[170,10],[165,10],[165,5]]]}},{"type":"Feature","properties":{},"geometry":{"type":"Polygon","coordinates":[[[165,10],[170,10],[170,15],[165,15],[165,10]]]}},{"type":"Feature","properties":{},"geometry":{"type":"Polygon","coordinates":[[[165,15],[170,15],[170,20],[165,20],[165,15]]]}},{"type":"Feature","properties":{},"geometry":{"type":"Polygon","coordinates":[[[165,20],[170,20],[170,25],[165,25],[165,20]]]}},{"type":"Feature","properties":{},"geometry":{"type":"Polygon","coordinates":[[[165,25],[170,25],[170,30],[165,30],[165,25]]]}},{"type":"Feature","properties":{},"geometry":{"type":"Polygon","coordinates":[[[165,30],[170,30],[170,35],[165,35],[165,30]]]}},{"type":"Feature","properties":{},"geometry":{"type":"Polygon","coordinates":[[[165,35],[170,35],[170,40],[165,40],[165,35]]]}},{"type":"Feature","properties":{},"geometry":{"type":"Polygon","coordinates":[[[165,40],[170,40],[170,45],[165,45],[165,40]]]}},{"type":"Feature","properties":{},"geometry":{"type":"Polygon","coordinates":[[[165,45],[170,45],[170,50],[165,50],[165,45]]]}},{"type":"Feature","properties":{},"geometry":{"type":"Polygon","coordinates":[[[165,50],[170,50],[170,55],[165,55],[165,50]]]}},{"type":"Feature","properties":{},"geometry":{"type":"Polygon","coordinates":[[[165,55],[170,55],[170,60],[165,60],[165,55]]]}}]}